,source,target,weight,graph_id
0,"('172.217.194.95', 443)","('13.35.15.15', 443)",1.0,1
1,"('172.217.194.95', 443)","('74.125.24.94', 443)",0.5,1
2,"('172.217.194.155', 443)","('13.227.231.44', 443)",0.5,1
3,"('13.35.15.15', 443)","('74.125.24.94', 443)",0.5,1
4,"('157.240.7.20', 443)","('13.35.15.15', 443)",0.5,1
5,"('172.217.194.155', 443)","('74.125.24.94', 443)",0.0,1
6,"('13.35.15.15', 443)","('13.227.231.44', 443)",0.0,1
7,"('157.240.7.20', 443)","('172.217.194.95', 443)",0.0,1
8,"('13.35.15.15', 443)","('172.217.194.155', 443)",0.0,1
9,"('172.217.194.95', 443)","('13.227.231.44', 443)",0.0,1
10,"('172.217.194.95', 443)","('172.217.194.155', 443)",0.0,1
11,"('157.240.7.20', 443)","('74.125.24.94', 443)",0.0,1
12,"('157.240.7.20', 443)","('13.227.231.44', 443)",0.0,1
13,"('157.240.7.20', 443)","('172.217.194.155', 443)",0.0,1
14,"('13.227.231.44', 443)","('74.125.24.94', 443)",0.0,1
15,"('13.35.15.126', 443)","('13.35.15.15', 443)",1.0,2
16,"('13.35.15.126', 443)","('172.217.194.103', 443)",0.5,2
17,"('13.35.15.15', 443)","('172.217.194.103', 443)",0.0,2
18,"('13.35.15.48', 443)","('74.125.200.157', 443)",1.0,3
19,"('13.35.15.48', 443)","('172.217.194.95', 443)",1.0,3
20,"('74.125.200.157', 443)","('172.217.194.95', 443)",0.0,3
21,"('13.225.93.72', 443)","('74.125.24.95', 443)",1.0,4
22,"('13.225.93.72', 443)","('157.240.13.14', 443)",1.0,4
23,"('13.225.93.72', 443)","('172.217.194.95', 443)",1.0,4
24,"('13.225.93.72', 443)","('172.217.194.157', 443)",1.0,4
25,"('74.125.24.95', 443)","('172.217.194.95', 443)",1.0,4
26,"('157.240.13.14', 443)","('172.217.194.157', 443)",1.0,4
27,"('74.125.24.95', 443)","('157.240.13.14', 443)",0.0,4
28,"('74.125.24.95', 443)","('172.217.194.157', 443)",0.0,4
29,"('157.240.13.14', 443)","('172.217.194.95', 443)",0.0,4
30,"('172.217.194.95', 443)","('172.217.194.157', 443)",0.0,4
31,"('13.35.15.9', 443)","('74.125.200.94', 443)",1.0,5
32,"('13.35.15.9', 443)","('74.125.24.95', 443)",1.0,5
33,"('74.125.200.94', 443)","('74.125.24.95', 443)",0.0,5
34,"('13.35.15.126', 443)","('74.125.24.94', 443)",1.0,6
35,"('142.250.4.119', 443)","('74.125.200.139', 443)",1.0,6
36,"('142.250.4.119', 443)","('74.125.24.94', 443)",1.0,6
37,"('74.125.200.139', 443)","('74.125.24.94', 443)",1.0,6
38,"('13.35.15.126', 443)","('142.250.4.119', 443)",0.0,6
39,"('13.35.15.126', 443)","('74.125.200.139', 443)",0.0,6
40,"('13.35.15.48', 443)","('74.125.130.95', 443)",1.0,7
41,"('74.125.130.95', 443)","('74.125.200.138', 443)",1.0,7
42,"('74.125.130.95', 443)","('74.125.24.95', 443)",1.0,7
43,"('74.125.200.138', 443)","('74.125.24.95', 443)",1.0,7
44,"('13.35.15.48', 443)","('74.125.200.138', 443)",0.5,7
45,"('13.35.15.48', 443)","('74.125.24.95', 443)",0.5,7
46,"('13.35.15.48', 443)","('74.125.24.188', 5228)",0.5,7
47,"('74.125.130.95', 443)","('74.125.24.188', 5228)",0.0,7
48,"('74.125.200.138', 443)","('74.125.24.188', 5228)",0.0,7
49,"('74.125.24.95', 443)","('74.125.24.188', 5228)",0.0,7
50,"('13.225.93.72', 443)","('172.217.194.95', 443)",1.0,8
51,"('172.217.194.95', 443)","('74.125.68.188', 5228)",1.0,8
52,"('13.225.93.72', 443)","('74.125.68.188', 5228)",0.0,8
53,"('13.35.15.48', 443)","('74.125.24.95', 443)",,9
54,"('13.35.15.48', 443)","('74.125.24.94', 443)",,9
55,"('13.35.15.48', 443)","('142.250.4.113', 443)",,9
56,"('74.125.24.95', 443)","('74.125.24.94', 443)",,9
57,"('74.125.24.95', 443)","('142.250.4.113', 443)",,9
58,"('74.125.24.94', 443)","('142.250.4.113', 443)",,9
59,"('74.125.200.95', 443)","('74.125.24.95', 443)",1.0,10
60,"('74.125.200.95', 443)","('172.217.194.95', 443)",0.5,10
61,"('74.125.24.95', 443)","('172.217.194.95', 443)",0.5,10
62,"('13.35.15.15', 443)","('74.125.200.95', 443)",0.0,10
63,"('13.35.15.15', 443)","('74.125.24.95', 443)",0.0,10
64,"('13.35.15.15', 443)","('172.217.194.95', 443)",0.0,10
65,"('13.35.15.126', 443)","('74.125.24.95', 443)",1.0,11
66,"('13.35.15.126', 443)","('172.217.194.103', 443)",0.5,11
67,"('74.125.24.95', 443)","('74.125.200.18', 443)",0.5,11
68,"('172.217.194.95', 443)","('172.217.194.103', 443)",0.5,11
69,"('172.217.194.95', 443)","('74.125.24.139', 443)",0.5,11
70,"('74.125.200.18', 443)","('172.217.194.103', 443)",0.5,11
71,"('74.125.200.18', 443)","('74.125.24.139', 443)",0.5,11
72,"('74.125.200.18', 443)","('172.217.194.95', 443)",0.5,11
73,"('74.125.24.95', 443)","('172.217.194.103', 443)",0.5,11
74,"('74.125.24.95', 443)","('74.125.24.139', 443)",0.5,11
75,"('74.125.24.95', 443)","('172.217.194.95', 443)",0.5,11
76,"('74.125.24.139', 443)","('172.217.194.103', 443)",0.5,11
77,"('13.35.15.15', 443)","('74.125.24.95', 443)",0.5,11
78,"('13.35.15.126', 443)","('74.125.24.139', 443)",0.5,11
79,"('13.35.15.126', 443)","('172.217.194.95', 443)",0.5,11
80,"('13.35.15.126', 443)","('74.125.200.18', 443)",0.5,11
81,"('13.35.15.15', 443)","('172.217.194.103', 443)",0.5,11
82,"('13.35.15.15', 443)","('74.125.24.139', 443)",0.0,11
83,"('13.35.15.15', 443)","('172.217.194.95', 443)",0.0,11
84,"('13.35.15.15', 443)","('74.125.200.18', 443)",0.0,11
85,"('13.35.15.15', 443)","('13.35.15.126', 443)",0.0,11
86,"('142.250.4.94', 443)","('172.253.118.157', 443)",1.0,12
87,"('142.250.4.94', 443)","('172.217.194.94', 443)",1.0,12
88,"('172.217.194.132', 443)","('172.217.194.94', 443)",1.0,12
89,"('172.217.194.132', 443)","('172.253.118.157', 443)",1.0,12
90,"('172.217.194.132', 443)","('142.250.4.94', 443)",1.0,12
91,"('172.253.118.157', 443)","('172.217.194.94', 443)",1.0,12
92,"('74.125.24.155', 443)","('172.217.194.94', 443)",0.6666666666666666,12
93,"('74.125.24.155', 443)","('172.253.118.157', 443)",0.6666666666666666,12
94,"('172.217.194.132', 443)","('172.217.165.3', 443)",0.6666666666666666,12
95,"('172.217.194.132', 443)","('74.125.24.155', 443)",0.6666666666666666,12
96,"('142.250.4.94', 443)","('172.217.165.3', 443)",0.6666666666666666,12
97,"('142.250.4.94', 443)","('74.125.24.155', 443)",0.6666666666666666,12
98,"('172.253.118.157', 443)","('172.217.165.3', 443)",0.6666666666666666,12
99,"('172.217.194.94', 443)","('172.217.165.3', 443)",0.6666666666666666,12
100,"('172.217.165.3', 443)","('172.217.194.154', 443)",0.3333333333333333,12
101,"('172.217.194.94', 443)","('142.250.4.155', 443)",0.3333333333333333,12
102,"('172.217.194.94', 443)","('74.125.68.95', 443)",0.3333333333333333,12
103,"('172.253.118.157', 443)","('142.250.4.155', 443)",0.3333333333333333,12
104,"('172.253.118.157', 443)","('74.125.24.132', 443)",0.3333333333333333,12
105,"('172.253.118.157', 443)","('172.217.194.154', 443)",0.3333333333333333,12
106,"('172.253.118.157', 443)","('74.125.68.95', 443)",0.3333333333333333,12
107,"('142.250.4.94', 443)","('74.125.68.95', 443)",0.3333333333333333,12
108,"('74.125.24.155', 443)","('74.125.68.95', 443)",0.3333333333333333,12
109,"('172.217.165.3', 443)","('142.250.4.155', 443)",0.3333333333333333,12
110,"('13.35.15.126', 443)","('172.217.194.132', 443)",0.3333333333333333,12
111,"('142.250.4.94', 443)","('74.125.24.132', 443)",0.3333333333333333,12
112,"('142.250.4.94', 443)","('142.250.4.155', 443)",0.3333333333333333,12
113,"('74.125.24.155', 443)","('74.125.24.132', 443)",0.3333333333333333,12
114,"('172.217.194.132', 443)","('142.250.4.155', 443)",0.3333333333333333,12
115,"('74.125.24.155', 443)","('172.217.165.3', 443)",0.3333333333333333,12
116,"('142.250.4.94', 443)","('172.217.194.154', 443)",0.3333333333333333,12
117,"('172.217.194.132', 443)","('172.217.194.154', 443)",0.3333333333333333,12
118,"('172.217.194.132', 443)","('74.125.24.132', 443)",0.3333333333333333,12
119,"('74.125.200.94', 443)","('74.125.24.155', 443)",0.3333333333333333,12
120,"('13.35.15.126', 443)","('142.250.4.94', 443)",0.3333333333333333,12
121,"('13.35.15.126', 443)","('74.125.24.155', 443)",0.3333333333333333,12
122,"('13.35.15.126', 443)","('172.253.118.157', 443)",0.3333333333333333,12
123,"('13.35.15.126', 443)","('172.217.194.94', 443)",0.3333333333333333,12
124,"('13.35.15.126', 443)","('172.217.165.3', 443)",0.3333333333333333,12
125,"('172.217.194.154', 443)","('142.250.4.155', 443)",0.3333333333333333,12
126,"('13.35.15.126', 443)","('13.227.231.44', 443)",0.3333333333333333,12
127,"('74.125.200.94', 443)","('172.217.194.132', 443)",0.3333333333333333,12
128,"('172.217.194.94', 443)","('74.125.24.132', 443)",0.3333333333333333,12
129,"('74.125.200.94', 443)","('142.250.4.94', 443)",0.3333333333333333,12
130,"('172.217.194.94', 443)","('172.217.194.154', 443)",0.3333333333333333,12
131,"('74.125.200.94', 443)","('172.253.118.157', 443)",0.3333333333333333,12
132,"('74.125.200.94', 443)","('172.217.194.94', 443)",0.3333333333333333,12
133,"('74.125.200.94', 443)","('74.125.68.95', 443)",0.3333333333333333,12
134,"('74.125.68.95', 443)","('74.125.24.132', 443)",0.3333333333333333,12
135,"('74.125.200.94', 443)","('74.125.24.132', 443)",0.3333333333333333,12
136,"('172.217.194.132', 443)","('74.125.68.95', 443)",0.3333333333333333,12
137,"('13.227.231.44', 443)","('172.217.194.154', 443)",0.0,12
138,"('13.227.231.44', 443)","('74.125.24.132', 443)",0.0,12
139,"('172.217.165.3', 443)","('13.227.231.44', 443)",0.0,12
140,"('13.227.231.44', 443)","('142.250.4.155', 443)",0.0,12
141,"('172.217.194.154', 443)","('74.125.24.132', 443)",0.0,12
142,"('172.217.165.3', 443)","('74.125.68.95', 443)",0.0,12
143,"('74.125.68.95', 443)","('142.250.4.155', 443)",0.0,12
144,"('74.125.68.95', 443)","('172.217.194.154', 443)",0.0,12
145,"('74.125.68.95', 443)","('13.227.231.44', 443)",0.0,12
146,"('172.217.165.3', 443)","('74.125.24.132', 443)",0.0,12
147,"('13.35.15.126', 443)","('74.125.200.94', 443)",0.0,12
148,"('172.217.194.94', 443)","('13.227.231.44', 443)",0.0,12
149,"('172.253.118.157', 443)","('13.227.231.44', 443)",0.0,12
150,"('74.125.24.155', 443)","('142.250.4.155', 443)",0.0,12
151,"('74.125.24.155', 443)","('172.217.194.154', 443)",0.0,12
152,"('74.125.24.155', 443)","('13.227.231.44', 443)",0.0,12
153,"('142.250.4.94', 443)","('13.227.231.44', 443)",0.0,12
154,"('172.217.194.132', 443)","('13.227.231.44', 443)",0.0,12
155,"('74.125.200.94', 443)","('142.250.4.155', 443)",0.0,12
156,"('74.125.200.94', 443)","('172.217.194.154', 443)",0.0,12
157,"('74.125.200.94', 443)","('13.227.231.44', 443)",0.0,12
158,"('74.125.200.94', 443)","('172.217.165.3', 443)",0.0,12
159,"('13.35.15.126', 443)","('142.250.4.155', 443)",0.0,12
160,"('13.35.15.126', 443)","('74.125.24.132', 443)",0.0,12
161,"('13.35.15.126', 443)","('172.217.194.154', 443)",0.0,12
162,"('13.35.15.126', 443)","('74.125.68.95', 443)",0.0,12
163,"('74.125.24.132', 443)","('142.250.4.155', 443)",0.0,12
164,"('13.35.15.126', 443)","('74.125.200.94', 443)",1.0,13
165,"('13.35.15.126', 443)","('74.125.68.95', 443)",1.0,13
166,"('13.35.15.126', 443)","('172.217.170.35', 443)",1.0,13
167,"('13.35.15.126', 443)","('172.217.194.157', 443)",1.0,13
168,"('74.125.200.94', 443)","('157.240.13.14', 443)",1.0,13
169,"('74.125.68.95', 443)","('172.217.170.35', 443)",1.0,13
170,"('74.125.68.95', 443)","('172.217.194.157', 443)",1.0,13
171,"('172.217.170.35', 443)","('172.217.194.157', 443)",1.0,13
172,"('13.35.15.126', 443)","('157.240.13.14', 443)",0.0,13
173,"('74.125.200.94', 443)","('74.125.68.95', 443)",0.0,13
174,"('74.125.200.94', 443)","('172.217.170.35', 443)",0.0,13
175,"('74.125.200.94', 443)","('172.217.194.157', 443)",0.0,13
176,"('74.125.68.95', 443)","('157.240.13.14', 443)",0.0,13
177,"('157.240.13.14', 443)","('172.217.170.35', 443)",0.0,13
178,"('157.240.13.14', 443)","('172.217.194.157', 443)",0.0,13
179,"('13.35.15.48', 443)","('74.125.24.95', 443)",1.0,14
180,"('13.35.15.48', 443)","('74.125.24.188', 5228)",1.0,14
181,"('74.125.24.95', 443)","('74.125.24.188', 5228)",0.0,14
182,"('13.35.15.15', 443)","('157.240.7.35', 443)",1.0,15
183,"('13.35.15.15', 443)","('104.21.14.233', 443)",1.0,15
184,"('13.35.15.15', 443)","('157.240.13.14', 443)",1.0,15
185,"('13.35.15.15', 443)","('13.227.231.44', 443)",1.0,15
186,"('157.240.7.35', 443)","('104.21.14.233', 443)",1.0,15
187,"('157.240.7.35', 443)","('157.240.13.14', 443)",1.0,15
188,"('104.21.14.233', 443)","('157.240.13.14', 443)",1.0,15
189,"('104.21.14.233', 443)","('13.227.231.44', 443)",1.0,15
190,"('157.240.7.35', 443)","('13.227.231.44', 443)",0.0,15
191,"('157.240.13.14', 443)","('13.227.231.44', 443)",0.0,15
192,"('172.217.194.95', 443)","('74.125.200.95', 443)",1.0,16
193,"('172.217.194.95', 443)","('157.240.7.35', 443)",0.3333333333333333,16
194,"('74.125.200.95', 443)","('172.217.194.157', 443)",0.3333333333333333,16
195,"('74.125.200.95', 443)","('13.35.15.126', 443)",0.3333333333333333,16
196,"('172.217.194.95', 443)","('74.125.200.100', 443)",0.3333333333333333,16
197,"('172.217.194.95', 443)","('172.217.194.157', 443)",0.3333333333333333,16
198,"('74.125.200.95', 443)","('74.125.200.100', 443)",0.3333333333333333,16
199,"('157.240.7.20', 443)","('13.35.15.126', 443)",0.3333333333333333,16
200,"('157.240.7.35', 443)","('172.217.194.157', 443)",0.0,16
201,"('13.35.15.126', 443)","('157.240.7.35', 443)",0.0,16
202,"('13.35.15.126', 443)","('74.125.200.100', 443)",0.0,16
203,"('157.240.7.35', 443)","('74.125.200.100', 443)",0.0,16
204,"('13.35.15.126', 443)","('172.217.194.157', 443)",0.0,16
205,"('157.240.7.20', 443)","('172.217.194.95', 443)",0.0,16
206,"('74.125.200.95', 443)","('157.240.7.35', 443)",0.0,16
207,"('157.240.7.20', 443)","('74.125.200.95', 443)",0.0,16
208,"('172.217.194.95', 443)","('13.35.15.126', 443)",0.0,16
209,"('157.240.7.20', 443)","('74.125.200.100', 443)",0.0,16
210,"('157.240.7.20', 443)","('172.217.194.157', 443)",0.0,16
211,"('157.240.7.20', 443)","('157.240.7.35', 443)",0.0,16
212,"('172.217.194.157', 443)","('74.125.200.100', 443)",0.0,16
213,"('13.225.93.72', 443)","('74.125.24.95', 443)",1.0,17
214,"('13.225.93.72', 443)","('13.225.92.54', 443)",1.0,17
215,"('74.125.24.95', 443)","('172.217.194.95', 443)",1.0,17
216,"('74.125.24.95', 443)","('74.125.200.95', 443)",1.0,17
217,"('172.217.194.95', 443)","('74.125.200.95', 443)",1.0,17
218,"('13.225.93.72', 443)","('172.217.194.95', 443)",0.0,17
219,"('13.225.93.72', 443)","('74.125.200.95', 443)",0.0,17
220,"('74.125.24.95', 443)","('13.225.92.54', 443)",0.0,17
221,"('13.225.92.54', 443)","('172.217.194.95', 443)",0.0,17
222,"('13.225.92.54', 443)","('74.125.200.95', 443)",0.0,17
223,"('13.35.15.48', 443)","('13.225.93.72', 443)",1.0,18
224,"('13.35.15.48', 443)","('74.125.68.188', 5228)",1.0,18
225,"('13.225.93.72', 443)","('74.125.68.188', 5228)",0.0,18
226,"('172.217.194.95', 443)","('74.125.200.19', 443)",1.0,19
227,"('13.35.15.48', 443)","('172.217.194.95', 443)",0.0,19
228,"('13.35.15.48', 443)","('74.125.200.19', 443)",0.0,19
229,"('13.225.93.72', 443)","('13.35.15.15', 443)",1.0,20
230,"('13.225.93.72', 443)","('13.225.92.56', 443)",1.0,20
231,"('13.35.15.15', 443)","('13.225.92.56', 443)",0.0,20
232,"('13.227.231.52', 443)","('74.125.200.157', 443)",1.0,21
233,"('104.21.14.233', 443)","('74.125.200.157', 443)",0.5,21
234,"('13.35.15.15', 443)","('13.227.231.52', 443)",0.5,21
235,"('13.35.15.15', 443)","('74.125.200.157', 443)",0.5,21
236,"('104.21.14.233', 443)","('13.35.15.15', 443)",0.0,21
237,"('104.21.14.233', 443)","('13.227.231.52', 443)",0.0,21
238,"('13.226.124.34', 443)","('74.125.24.95', 443)",,22
239,"('13.226.124.34', 443)","('74.125.24.154', 443)",,22
240,"('74.125.24.95', 443)","('74.125.24.154', 443)",,22
241,"('13.35.15.126', 443)","('172.253.118.157', 443)",1.0,23
242,"('13.35.15.126', 443)","('74.125.24.155', 443)",1.0,23
243,"('172.253.118.157', 443)","('74.125.200.94', 443)",1.0,23
244,"('13.35.15.126', 443)","('74.125.200.94', 443)",0.0,23
245,"('172.253.118.157', 443)","('74.125.24.155', 443)",0.0,23
246,"('74.125.200.94', 443)","('74.125.24.155', 443)",0.0,23
247,"('13.35.15.15', 443)","('74.125.24.154', 443)",,24
248,"('13.35.15.15', 443)","('13.227.231.63', 443)",,24
249,"('74.125.24.154', 443)","('13.227.231.63', 443)",,24
250,"('13.35.15.15', 443)","('216.58.221.66', 443)",,25
251,"('13.35.15.15', 443)","('74.125.24.95', 443)",,25
252,"('216.58.221.66', 443)","('74.125.24.95', 443)",,25
253,"('13.35.15.15', 443)","('13.35.15.126', 443)",1.0,26
254,"('13.35.15.15', 443)","('13.227.231.46', 443)",0.5,26
255,"('13.35.15.126', 443)","('13.227.231.46', 443)",0.0,26
256,"('13.35.15.126', 443)","('216.58.221.66', 443)",1.0,27
257,"('13.35.15.126', 443)","('157.240.13.14', 443)",0.5,27
258,"('13.35.15.126', 443)","('104.21.14.233', 443)",0.5,27
259,"('13.35.15.126', 443)","('13.227.231.46', 443)",0.5,27
260,"('157.240.13.14', 443)","('216.58.221.66', 443)",0.5,27
261,"('157.240.13.14', 443)","('104.21.14.233', 443)",0.5,27
262,"('216.58.221.66', 443)","('104.21.14.233', 443)",0.5,27
263,"('157.240.13.14', 443)","('13.227.231.46', 443)",0.0,27
264,"('216.58.221.66', 443)","('13.227.231.46', 443)",0.0,27
265,"('104.21.14.233', 443)","('13.227.231.46', 443)",0.0,27
266,"('13.35.15.126', 443)","('157.240.13.14', 443)",1.0,28
267,"('13.35.15.126', 443)","('216.58.221.66', 443)",0.0,28
268,"('216.58.221.66', 443)","('157.240.13.14', 443)",0.0,28
269,"('13.35.15.15', 443)","('13.226.124.3', 443)",1.0,29
270,"('13.35.15.15', 443)","('13.227.231.63', 443)",0.2,29
271,"('13.35.15.15', 443)","('74.125.200.157', 443)",0.2,29
272,"('13.226.124.3', 443)","('13.227.231.63', 443)",0.2,29
273,"('13.226.124.3', 443)","('74.125.68.188', 5228)",0.2,29
274,"('13.226.124.3', 443)","('74.125.200.157', 443)",0.2,29
275,"('13.227.231.63', 443)","('74.125.200.157', 443)",0.2,29
276,"('13.35.15.15', 443)","('74.125.68.188', 5228)",0.0,29
277,"('13.227.231.63', 443)","('74.125.68.188', 5228)",0.0,29
278,"('74.125.68.188', 5228)","('74.125.200.157', 443)",0.0,29
279,"('13.35.15.9', 443)","('13.35.15.15', 443)",1.0,30
280,"('13.35.15.9', 443)","('172.217.194.95', 443)",1.0,30
281,"('13.35.15.15', 443)","('13.227.231.46', 443)",1.0,30
282,"('13.35.15.9', 443)","('13.227.231.46', 443)",0.0,30
283,"('13.35.15.15', 443)","('172.217.194.95', 443)",0.0,30
284,"('172.217.194.95', 443)","('13.227.231.46', 443)",0.0,30
285,"('13.35.15.126', 443)","('13.35.15.15', 443)",1.0,31
286,"('13.35.15.126', 443)","('74.125.24.95', 443)",0.25,31
287,"('13.35.15.126', 443)","('172.217.194.157', 443)",0.25,31
288,"('13.35.15.126', 443)","('74.125.68.188', 5228)",0.25,31
289,"('13.35.15.126', 443)","('74.125.24.188', 5228)",0.25,31
290,"('13.35.15.15', 443)","('74.125.24.95', 443)",0.25,31
291,"('13.35.15.15', 443)","('172.217.194.157', 443)",0.25,31
292,"('13.35.15.15', 443)","('74.125.68.188', 5228)",0.25,31
293,"('74.125.24.95', 443)","('172.217.194.157', 443)",0.25,31
294,"('74.125.24.95', 443)","('74.125.68.188', 5228)",0.25,31
295,"('172.217.194.157', 443)","('74.125.68.188', 5228)",0.25,31
296,"('13.35.15.15', 443)","('74.125.24.188', 5228)",0.0,31
297,"('74.125.24.95', 443)","('74.125.24.188', 5228)",0.0,31
298,"('172.217.194.157', 443)","('74.125.24.188', 5228)",0.0,31
299,"('74.125.68.188', 5228)","('74.125.24.188', 5228)",0.0,31
300,"('13.226.124.109', 443)","('13.226.124.3', 443)",1.0,32
301,"('13.226.124.3', 443)","('74.125.24.188', 5228)",1.0,32
302,"('13.226.124.109', 443)","('74.125.24.188', 5228)",0.0,32
303,"('172.217.194.157', 443)","('74.125.24.95', 443)",1.0,33
304,"('13.35.15.15', 443)","('172.217.194.157', 443)",0.0,33
305,"('13.35.15.15', 443)","('74.125.24.95', 443)",0.0,33
306,"('13.35.15.15', 443)","('13.35.15.9', 443)",1.0,34
307,"('13.35.15.15', 443)","('74.125.200.95', 443)",1.0,34
308,"('13.35.15.15', 443)","('172.217.194.95', 443)",0.5,34
309,"('13.35.15.15', 443)","('74.125.200.101', 443)",0.5,34
310,"('13.35.15.9', 443)","('74.125.200.95', 443)",0.5,34
311,"('13.35.15.9', 443)","('74.125.200.101', 443)",0.5,34
312,"('74.125.200.95', 443)","('172.217.194.95', 443)",0.5,34
313,"('74.125.200.95', 443)","('74.125.200.101', 443)",0.5,34
314,"('13.35.15.9', 443)","('172.217.194.95', 443)",0.0,34
315,"('172.217.194.95', 443)","('74.125.200.101', 443)",0.0,34
316,"('13.35.15.15', 443)","('74.125.200.95', 443)",1.0,35
317,"('13.35.15.126', 443)","('13.35.15.15', 443)",0.5,35
318,"('74.125.200.157', 443)","('74.125.24.95', 443)",0.5,35
319,"('13.35.15.126', 443)","('157.240.7.35', 443)",0.5,35
320,"('157.240.13.35', 443)","('74.125.24.95', 443)",0.5,35
321,"('157.240.13.14', 443)","('74.125.130.95', 443)",0.5,35
322,"('13.35.15.15', 443)","('74.125.200.94', 443)",0.5,35
323,"('13.35.15.15', 443)","('157.240.7.35', 443)",0.5,35
324,"('157.240.13.35', 443)","('74.125.200.157', 443)",0.5,35
325,"('13.35.15.126', 443)","('13.227.231.52', 443)",0.5,35
326,"('74.125.200.157', 443)","('74.125.200.94', 443)",0.0,35
327,"('157.240.13.14', 443)","('74.125.24.95', 443)",0.0,35
328,"('157.240.13.35', 443)","('74.125.200.94', 443)",0.0,35
329,"('74.125.200.95', 443)","('74.125.24.95', 443)",0.0,35
330,"('74.125.200.95', 443)","('74.125.200.94', 443)",0.0,35
331,"('13.227.231.52', 443)","('74.125.24.95', 443)",0.0,35
332,"('157.240.13.14', 443)","('74.125.200.157', 443)",0.0,35
333,"('157.240.13.14', 443)","('13.227.231.52', 443)",0.0,35
334,"('157.240.13.14', 443)","('74.125.200.95', 443)",0.0,35
335,"('157.240.13.14', 443)","('74.125.200.94', 443)",0.0,35
336,"('74.125.130.95', 443)","('74.125.200.157', 443)",0.0,35
337,"('13.227.231.52', 443)","('74.125.200.95', 443)",0.0,35
338,"('74.125.130.95', 443)","('13.227.231.52', 443)",0.0,35
339,"('13.227.231.52', 443)","('74.125.200.94', 443)",0.0,35
340,"('157.240.13.35', 443)","('74.125.200.95', 443)",0.0,35
341,"('74.125.130.95', 443)","('74.125.200.94', 443)",0.0,35
342,"('74.125.130.95', 443)","('74.125.24.95', 443)",0.0,35
343,"('74.125.200.157', 443)","('13.227.231.52', 443)",0.0,35
344,"('74.125.200.157', 443)","('74.125.200.95', 443)",0.0,35
345,"('74.125.130.95', 443)","('74.125.200.95', 443)",0.0,35
346,"('157.240.13.35', 443)","('157.240.13.14', 443)",0.0,35
347,"('157.240.13.35', 443)","('13.227.231.52', 443)",0.0,35
348,"('157.240.13.35', 443)","('74.125.130.95', 443)",0.0,35
349,"('13.35.15.126', 443)","('157.240.13.35', 443)",0.0,35
350,"('13.35.15.126', 443)","('157.240.13.14', 443)",0.0,35
351,"('13.35.15.126', 443)","('74.125.130.95', 443)",0.0,35
352,"('13.35.15.126', 443)","('74.125.200.157', 443)",0.0,35
353,"('13.35.15.126', 443)","('74.125.200.95', 443)",0.0,35
354,"('13.35.15.126', 443)","('74.125.200.94', 443)",0.0,35
355,"('13.35.15.126', 443)","('74.125.24.95', 443)",0.0,35
356,"('13.35.15.15', 443)","('157.240.13.35', 443)",0.0,35
357,"('13.35.15.15', 443)","('157.240.13.14', 443)",0.0,35
358,"('13.35.15.15', 443)","('74.125.130.95', 443)",0.0,35
359,"('13.35.15.15', 443)","('74.125.200.157', 443)",0.0,35
360,"('13.35.15.15', 443)","('13.227.231.52', 443)",0.0,35
361,"('13.35.15.15', 443)","('74.125.24.95', 443)",0.0,35
362,"('157.240.7.35', 443)","('157.240.13.35', 443)",0.0,35
363,"('157.240.7.35', 443)","('157.240.13.14', 443)",0.0,35
364,"('157.240.7.35', 443)","('74.125.130.95', 443)",0.0,35
365,"('157.240.7.35', 443)","('74.125.200.157', 443)",0.0,35
366,"('157.240.7.35', 443)","('13.227.231.52', 443)",0.0,35
367,"('157.240.7.35', 443)","('74.125.200.95', 443)",0.0,35
368,"('157.240.7.35', 443)","('74.125.200.94', 443)",0.0,35
369,"('157.240.7.35', 443)","('74.125.24.95', 443)",0.0,35
370,"('74.125.200.94', 443)","('74.125.24.95', 443)",0.0,35
371,"('13.35.15.15', 443)","('74.125.200.95', 443)",1.0,36
372,"('13.35.15.15', 443)","('172.217.194.95', 443)",0.5,36
373,"('13.35.15.15', 443)","('74.125.200.101', 443)",0.5,36
374,"('74.125.200.95', 443)","('172.217.194.95', 443)",0.5,36
375,"('74.125.200.95', 443)","('74.125.200.101', 443)",0.5,36
376,"('172.217.194.95', 443)","('74.125.200.101', 443)",0.0,36
377,"('13.35.15.15', 443)","('74.125.200.95', 443)",1.0,37
378,"('13.35.15.15', 443)","('13.227.231.52', 443)",1.0,37
379,"('74.125.200.95', 443)","('13.227.231.52', 443)",0.0,37
380,"('13.35.15.48', 443)","('13.225.93.72', 443)",1.0,38
381,"('13.35.15.48', 443)","('74.125.24.95', 443)",1.0,38
382,"('13.225.93.72', 443)","('172.217.194.104', 443)",1.0,38
383,"('13.35.15.48', 443)","('172.217.194.104', 443)",0.0,38
384,"('13.225.93.72', 443)","('74.125.24.95', 443)",0.0,38
385,"('172.217.194.104', 443)","('74.125.24.95', 443)",0.0,38
386,"('74.125.24.95', 443)","('172.217.194.95', 443)",1.0,39
387,"('74.125.24.95', 443)","('74.125.24.99', 443)",1.0,39
388,"('172.217.194.95', 443)","('74.125.24.99', 443)",1.0,39
389,"('13.225.93.72', 443)","('74.125.24.99', 443)",1.0,39
390,"('74.125.24.95', 443)","('13.225.93.72', 443)",0.0,39
391,"('172.217.194.95', 443)","('13.225.93.72', 443)",0.0,39
392,"('74.125.200.102', 443)","('74.125.200.94', 443)",1.0,40
393,"('13.35.15.126', 443)","('172.217.194.95', 443)",0.5,40
394,"('13.35.15.126', 443)","('74.125.200.95', 443)",0.5,40
395,"('13.35.15.126', 443)","('74.125.24.95', 443)",0.5,40
396,"('172.217.194.95', 443)","('74.125.200.95', 443)",0.5,40
397,"('172.217.194.95', 443)","('74.125.24.95', 443)",0.5,40
398,"('74.125.200.95', 443)","('74.125.24.95', 443)",0.5,40
399,"('13.35.15.126', 443)","('74.125.200.102', 443)",0.0,40
400,"('13.35.15.126', 443)","('74.125.200.94', 443)",0.0,40
401,"('172.217.194.95', 443)","('74.125.200.102', 443)",0.0,40
402,"('172.217.194.95', 443)","('74.125.200.94', 443)",0.0,40
403,"('74.125.200.95', 443)","('74.125.200.102', 443)",0.0,40
404,"('74.125.200.95', 443)","('74.125.200.94', 443)",0.0,40
405,"('74.125.24.95', 443)","('74.125.200.102', 443)",0.0,40
406,"('74.125.24.95', 443)","('74.125.200.94', 443)",0.0,40
407,"('13.35.15.48', 443)","('13.225.93.72', 443)",1.0,41
408,"('172.217.194.95', 443)","('74.125.24.94', 443)",0.6666666666666666,41
409,"('172.217.194.95', 443)","('74.125.130.119', 443)",0.3333333333333333,41
410,"('13.225.93.72', 443)","('172.217.194.157', 443)",0.3333333333333333,41
411,"('74.125.24.94', 443)","('74.125.130.119', 443)",0.3333333333333333,41
412,"('74.125.68.101', 443)","('74.125.24.94', 443)",0.3333333333333333,41
413,"('172.217.194.95', 443)","('74.125.24.95', 443)",0.3333333333333333,41
414,"('172.217.194.95', 443)","('172.217.194.157', 443)",0.3333333333333333,41
415,"('13.35.15.48', 443)","('172.217.194.95', 443)",0.3333333333333333,41
416,"('172.217.194.95', 443)","('74.125.68.101', 443)",0.3333333333333333,41
417,"('13.225.93.72', 443)","('74.125.24.95', 443)",0.3333333333333333,41
418,"('172.217.194.157', 443)","('74.125.24.95', 443)",0.3333333333333333,41
419,"('13.225.93.72', 443)","('172.217.194.95', 443)",0.3333333333333333,41
420,"('13.35.15.48', 443)","('74.125.24.95', 443)",0.3333333333333333,41
421,"('13.35.15.48', 443)","('172.217.194.157', 443)",0.3333333333333333,41
422,"('13.225.93.72', 443)","('74.125.130.119', 443)",0.0,41
423,"('13.225.93.72', 443)","('74.125.24.94', 443)",0.0,41
424,"('13.225.93.72', 443)","('74.125.68.101', 443)",0.0,41
425,"('13.35.15.48', 443)","('74.125.24.94', 443)",0.0,41
426,"('74.125.68.101', 443)","('74.125.130.119', 443)",0.0,41
427,"('74.125.68.101', 443)","('172.217.194.157', 443)",0.0,41
428,"('74.125.68.101', 443)","('74.125.24.95', 443)",0.0,41
429,"('13.35.15.48', 443)","('74.125.130.119', 443)",0.0,41
430,"('74.125.24.94', 443)","('172.217.194.157', 443)",0.0,41
431,"('74.125.24.94', 443)","('74.125.24.95', 443)",0.0,41
432,"('74.125.130.119', 443)","('172.217.194.157', 443)",0.0,41
433,"('74.125.130.119', 443)","('74.125.24.95', 443)",0.0,41
434,"('13.35.15.48', 443)","('74.125.68.101', 443)",0.0,41
435,"('13.225.93.72', 443)","('74.125.24.157', 443)",1.0,42
436,"('13.225.93.72', 443)","('74.125.133.94', 443)",0.5,42
437,"('74.125.24.157', 443)","('74.125.68.95', 443)",0.5,42
438,"('74.125.200.132', 443)","('74.125.24.113', 443)",0.5,42
439,"('74.125.24.101', 443)","('74.125.24.157', 443)",0.5,42
440,"('74.125.24.101', 443)","('172.217.194.132', 443)",0.5,42
441,"('74.125.24.101', 443)","('74.125.68.95', 443)",0.5,42
442,"('74.125.24.101', 443)","('172.253.118.94', 443)",0.5,42
443,"('74.125.24.101', 443)","('74.125.24.113', 443)",0.5,42
444,"('74.125.24.157', 443)","('172.217.194.132', 443)",0.5,42
445,"('74.125.24.157', 443)","('13.225.92.56', 443)",0.5,42
446,"('74.125.200.132', 443)","('74.125.68.95', 443)",0.5,42
447,"('74.125.24.157', 443)","('172.253.118.94', 443)",0.5,42
448,"('74.125.24.157', 443)","('74.125.24.113', 443)",0.5,42
449,"('172.217.194.132', 443)","('74.125.68.95', 443)",0.5,42
450,"('172.217.194.132', 443)","('172.253.118.94', 443)",0.5,42
451,"('172.217.194.132', 443)","('74.125.24.113', 443)",0.5,42
452,"('74.125.68.95', 443)","('172.253.118.94', 443)",0.5,42
453,"('74.125.68.95', 443)","('74.125.24.113', 443)",0.5,42
454,"('13.225.93.72', 443)","('74.125.200.132', 443)",0.5,42
455,"('74.125.200.132', 443)","('172.253.118.94', 443)",0.5,42
456,"('74.125.133.94', 443)","('74.125.200.132', 443)",0.5,42
457,"('74.125.133.94', 443)","('74.125.24.157', 443)",0.5,42
458,"('13.225.93.72', 443)","('74.125.24.101', 443)",0.5,42
459,"('13.225.93.72', 443)","('172.217.194.132', 443)",0.5,42
460,"('13.225.93.72', 443)","('74.125.68.95', 443)",0.5,42
461,"('13.225.93.72', 443)","('13.225.92.56', 443)",0.5,42
462,"('13.225.93.72', 443)","('172.253.118.94', 443)",0.5,42
463,"('13.225.93.72', 443)","('74.125.24.113', 443)",0.5,42
464,"('74.125.200.132', 443)","('172.217.194.132', 443)",0.5,42
465,"('74.125.133.94', 443)","('74.125.24.101', 443)",0.5,42
466,"('172.253.118.94', 443)","('74.125.24.113', 443)",0.5,42
467,"('74.125.133.94', 443)","('172.217.194.132', 443)",0.5,42
468,"('74.125.133.94', 443)","('74.125.68.95', 443)",0.5,42
469,"('74.125.133.94', 443)","('172.253.118.94', 443)",0.5,42
470,"('74.125.133.94', 443)","('74.125.24.113', 443)",0.5,42
471,"('74.125.200.132', 443)","('74.125.24.101', 443)",0.5,42
472,"('74.125.200.132', 443)","('74.125.24.157', 443)",0.5,42
473,"('74.125.133.94', 443)","('13.225.92.56', 443)",0.0,42
474,"('74.125.24.101', 443)","('13.225.92.56', 443)",0.0,42
475,"('172.217.194.132', 443)","('13.225.92.56', 443)",0.0,42
476,"('74.125.68.95', 443)","('13.225.92.56', 443)",0.0,42
477,"('13.225.92.56', 443)","('172.253.118.94', 443)",0.0,42
478,"('13.225.92.56', 443)","('74.125.24.113', 443)",0.0,42
479,"('74.125.200.132', 443)","('13.225.92.56', 443)",0.0,42
480,"('13.226.124.109', 443)","('74.125.24.95', 443)",1.0,43
481,"('74.125.24.154', 443)","('74.125.24.95', 443)",1.0,43
482,"('13.226.124.109', 443)","('74.125.24.154', 443)",0.0,43
483,"('13.35.15.15', 443)","('13.35.15.9', 443)",1.0,44
484,"('13.35.15.9', 443)","('74.125.200.95', 443)",1.0,44
485,"('13.35.15.15', 443)","('74.125.200.95', 443)",0.5,44
486,"('13.35.15.15', 443)","('74.125.200.101', 443)",0.5,44
487,"('13.35.15.9', 443)","('74.125.200.101', 443)",0.5,44
488,"('74.125.200.95', 443)","('172.217.194.95', 443)",0.5,44
489,"('74.125.200.95', 443)","('74.125.200.101', 443)",0.5,44
490,"('13.35.15.15', 443)","('172.217.194.95', 443)",0.0,44
491,"('13.35.15.9', 443)","('172.217.194.95', 443)",0.0,44
492,"('172.217.194.95', 443)","('74.125.200.101', 443)",0.0,44
493,"('13.35.15.126', 443)","('13.35.15.15', 443)",1.0,45
494,"('13.35.15.126', 443)","('74.125.24.95', 443)",1.0,45
495,"('13.35.15.15', 443)","('74.125.24.95', 443)",0.0,45
496,"('13.35.15.15', 443)","('172.217.194.157', 443)",,46
497,"('13.35.15.15', 443)","('74.125.24.95', 443)",,46
498,"('172.217.194.157', 443)","('74.125.24.95', 443)",,46
499,"('13.225.93.8', 443)","('172.217.194.104', 443)",1.0,47
500,"('13.225.93.8', 443)","('74.125.68.188', 5228)",1.0,47
501,"('172.217.194.104', 443)","('74.125.68.188', 5228)",0.0,47
502,"('74.125.200.95', 443)","('172.253.118.95', 443)",1.0,48
503,"('74.125.200.95', 443)","('172.217.194.95', 443)",1.0,48
504,"('172.253.118.95', 443)","('172.217.194.95', 443)",1.0,48
505,"('74.125.200.95', 443)","('74.125.200.101', 443)",0.0,48
506,"('172.253.118.95', 443)","('74.125.200.101', 443)",0.0,48
507,"('172.217.194.95', 443)","('74.125.200.101', 443)",0.0,48
508,"('13.35.15.126', 443)","('172.217.194.95', 443)",1.0,49
509,"('172.217.194.95', 443)","('172.217.194.190', 443)",1.0,49
510,"('142.250.4.95', 443)","('74.125.200.95', 443)",1.0,49
511,"('142.250.4.95', 443)","('172.253.118.157', 443)",1.0,49
512,"('74.125.200.95', 443)","('172.253.118.157', 443)",1.0,49
513,"('74.125.200.95', 443)","('203.113.183.145', 443)",1.0,49
514,"('74.125.200.95', 443)","('74.125.130.95', 443)",1.0,49
515,"('74.125.200.95', 443)","('172.217.194.190', 443)",1.0,49
516,"('74.125.200.95', 443)","('74.125.200.156', 443)",1.0,49
517,"('74.125.200.95', 443)","('216.58.211.99', 443)",1.0,49
518,"('74.125.200.95', 443)","('74.125.200.100', 443)",1.0,49
519,"('203.113.183.145', 443)","('74.125.200.156', 443)",1.0,49
520,"('203.113.183.145', 443)","('216.58.211.99', 443)",1.0,49
521,"('203.113.183.145', 443)","('74.125.200.100', 443)",1.0,49
522,"('74.125.130.95', 443)","('172.217.194.190', 443)",1.0,49
523,"('74.125.200.156', 443)","('216.58.211.99', 443)",1.0,49
524,"('74.125.200.156', 443)","('74.125.200.100', 443)",1.0,49
525,"('172.217.194.95', 443)","('74.125.24.95', 443)",1.0,49
526,"('216.58.211.99', 443)","('74.125.200.100', 443)",1.0,49
527,"('13.35.15.126', 443)","('203.113.183.145', 443)",1.0,49
528,"('13.35.15.126', 443)","('74.125.200.100', 443)",1.0,49
529,"('172.217.194.95', 443)","('74.125.200.95', 443)",1.0,49
530,"('13.35.15.126', 443)","('74.125.24.95', 443)",1.0,49
531,"('13.35.15.126', 443)","('74.125.200.156', 443)",1.0,49
532,"('13.35.15.126', 443)","('216.58.211.99', 443)",1.0,49
533,"('13.35.15.126', 443)","('74.125.200.95', 443)",1.0,49
534,"('172.217.194.95', 443)","('74.125.130.95', 443)",1.0,49
535,"('13.35.15.126', 443)","('157.240.7.20', 443)",1.0,49
536,"('13.35.15.126', 443)","('74.125.130.95', 443)",0.0,49
537,"('74.125.130.95', 443)","('157.240.7.20', 443)",0.0,49
538,"('74.125.130.95', 443)","('74.125.200.156', 443)",0.0,49
539,"('74.125.130.95', 443)","('74.125.24.95', 443)",0.0,49
540,"('74.125.130.95', 443)","('216.58.211.99', 443)",0.0,49
541,"('74.125.130.95', 443)","('74.125.200.100', 443)",0.0,49
542,"('203.113.183.145', 443)","('74.125.24.95', 443)",0.0,49
543,"('172.217.194.95', 443)","('74.125.200.156', 443)",0.0,49
544,"('157.240.7.20', 443)","('74.125.200.156', 443)",0.0,49
545,"('157.240.7.20', 443)","('172.217.194.190', 443)",0.0,49
546,"('203.113.183.145', 443)","('172.217.194.190', 443)",0.0,49
547,"('157.240.7.20', 443)","('74.125.24.95', 443)",0.0,49
548,"('157.240.7.20', 443)","('216.58.211.99', 443)",0.0,49
549,"('157.240.7.20', 443)","('74.125.200.100', 443)",0.0,49
550,"('172.217.194.190', 443)","('74.125.200.156', 443)",0.0,49
551,"('172.217.194.190', 443)","('74.125.24.95', 443)",0.0,49
552,"('172.217.194.190', 443)","('216.58.211.99', 443)",0.0,49
553,"('172.217.194.190', 443)","('74.125.200.100', 443)",0.0,49
554,"('74.125.200.156', 443)","('74.125.24.95', 443)",0.0,49
555,"('13.35.15.126', 443)","('172.253.118.157', 443)",0.0,49
556,"('74.125.24.95', 443)","('216.58.211.99', 443)",0.0,49
557,"('74.125.24.95', 443)","('74.125.200.100', 443)",0.0,49
558,"('13.35.15.126', 443)","('172.217.194.190', 443)",0.0,49
559,"('172.253.118.157', 443)","('216.58.211.99', 443)",0.0,49
560,"('203.113.183.145', 443)","('157.240.7.20', 443)",0.0,49
561,"('203.113.183.145', 443)","('74.125.130.95', 443)",0.0,49
562,"('172.217.194.95', 443)","('216.58.211.99', 443)",0.0,49
563,"('172.217.194.95', 443)","('74.125.200.100', 443)",0.0,49
564,"('172.217.194.95', 443)","('203.113.183.145', 443)",0.0,49
565,"('142.250.4.95', 443)","('203.113.183.145', 443)",0.0,49
566,"('142.250.4.95', 443)","('74.125.130.95', 443)",0.0,49
567,"('142.250.4.95', 443)","('157.240.7.20', 443)",0.0,49
568,"('142.250.4.95', 443)","('172.217.194.190', 443)",0.0,49
569,"('142.250.4.95', 443)","('74.125.200.156', 443)",0.0,49
570,"('142.250.4.95', 443)","('74.125.24.95', 443)",0.0,49
571,"('142.250.4.95', 443)","('216.58.211.99', 443)",0.0,49
572,"('142.250.4.95', 443)","('74.125.200.100', 443)",0.0,49
573,"('172.217.194.95', 443)","('172.253.118.157', 443)",0.0,49
574,"('172.217.194.95', 443)","('142.250.4.95', 443)",0.0,49
575,"('74.125.200.95', 443)","('157.240.7.20', 443)",0.0,49
576,"('13.35.15.126', 443)","('142.250.4.95', 443)",0.0,49
577,"('172.253.118.157', 443)","('203.113.183.145', 443)",0.0,49
578,"('172.253.118.157', 443)","('74.125.130.95', 443)",0.0,49
579,"('172.253.118.157', 443)","('157.240.7.20', 443)",0.0,49
580,"('172.253.118.157', 443)","('172.217.194.190', 443)",0.0,49
581,"('172.253.118.157', 443)","('74.125.200.156', 443)",0.0,49
582,"('172.253.118.157', 443)","('74.125.24.95', 443)",0.0,49
583,"('172.217.194.95', 443)","('157.240.7.20', 443)",0.0,49
584,"('172.253.118.157', 443)","('74.125.200.100', 443)",0.0,49
585,"('74.125.200.95', 443)","('74.125.24.95', 443)",0.0,49
586,"('13.225.92.63', 443)","('74.125.68.154', 443)",1.0,50
587,"('74.125.200.18', 443)","('74.125.68.154', 443)",0.5,50
588,"('172.217.194.99', 443)","('74.125.200.18', 443)",0.5,50
589,"('172.217.194.99', 443)","('74.125.68.154', 443)",0.5,50
590,"('172.67.160.193', 443)","('74.125.68.154', 443)",0.5,50
591,"('172.217.194.95', 443)","('74.125.68.154', 443)",0.5,50
592,"('172.67.160.193', 443)","('13.225.92.63', 443)",0.5,50
593,"('172.67.160.193', 443)","('74.125.200.18', 443)",0.5,50
594,"('74.125.200.18', 443)","('13.225.92.63', 443)",0.5,50
595,"('172.67.160.193', 443)","('172.217.194.99', 443)",0.5,50
596,"('172.217.194.95', 443)","('13.225.92.63', 443)",0.5,50
597,"('13.225.93.45', 443)","('74.125.68.154', 443)",0.5,50
598,"('74.125.24.95', 443)","('172.217.194.157', 443)",0.5,50
599,"('13.225.93.45', 443)","('13.225.92.63', 443)",0.5,50
600,"('13.225.93.45', 443)","('74.125.200.18', 443)",0.5,50
601,"('13.225.93.45', 443)","('172.217.194.95', 443)",0.5,50
602,"('172.217.194.99', 443)","('13.225.92.63', 443)",0.5,50
603,"('74.125.200.18', 443)","('74.125.24.95', 443)",0.0,50
604,"('13.225.93.45', 443)","('172.67.160.193', 443)",0.0,50
605,"('74.125.200.18', 443)","('172.217.194.157', 443)",0.0,50
606,"('13.225.92.63', 443)","('74.125.24.95', 443)",0.0,50
607,"('13.225.92.63', 443)","('172.217.194.157', 443)",0.0,50
608,"('74.125.24.95', 443)","('74.125.68.154', 443)",0.0,50
609,"('172.217.194.95', 443)","('172.217.194.157', 443)",0.0,50
610,"('172.217.194.99', 443)","('74.125.24.95', 443)",0.0,50
611,"('172.217.194.95', 443)","('74.125.24.95', 443)",0.0,50
612,"('172.217.194.95', 443)","('74.125.200.18', 443)",0.0,50
613,"('172.217.194.99', 443)","('172.217.194.157', 443)",0.0,50
614,"('13.225.93.45', 443)","('172.217.194.99', 443)",0.0,50
615,"('172.217.194.99', 443)","('172.217.194.95', 443)",0.0,50
616,"('172.67.160.193', 443)","('172.217.194.157', 443)",0.0,50
617,"('172.67.160.193', 443)","('74.125.24.95', 443)",0.0,50
618,"('172.67.160.193', 443)","('172.217.194.95', 443)",0.0,50
619,"('13.225.93.45', 443)","('172.217.194.157', 443)",0.0,50
620,"('13.225.93.45', 443)","('74.125.24.95', 443)",0.0,50
621,"('74.125.68.154', 443)","('172.217.194.157', 443)",0.0,50
622,"('172.217.194.95', 443)","('74.125.200.95', 443)",1.0,51
623,"('172.217.194.95', 443)","('74.125.200.100', 443)",1.0,51
624,"('74.125.200.100', 443)","('74.125.200.95', 443)",0.6666666666666666,51
625,"('13.35.15.126', 443)","('142.250.4.95', 443)",0.3333333333333333,51
626,"('74.125.200.100', 443)","('74.125.130.95', 443)",0.3333333333333333,51
627,"('172.217.194.95', 443)","('172.253.118.95', 443)",0.3333333333333333,51
628,"('74.125.200.100', 443)","('172.253.118.95', 443)",0.3333333333333333,51
629,"('172.217.194.95', 443)","('74.125.24.95', 443)",0.3333333333333333,51
630,"('13.35.15.126', 443)","('172.217.194.95', 443)",0.3333333333333333,51
631,"('142.250.4.95', 443)","('74.125.24.156', 443)",0.3333333333333333,51
632,"('74.125.200.95', 443)","('74.125.130.95', 443)",0.3333333333333333,51
633,"('74.125.24.95', 443)","('74.125.200.100', 443)",0.3333333333333333,51
634,"('172.217.194.95', 443)","('74.125.130.95', 443)",0.3333333333333333,51
635,"('142.250.4.95', 443)","('74.125.24.95', 443)",0.3333333333333333,51
636,"('74.125.24.95', 443)","('74.125.24.156', 443)",0.3333333333333333,51
637,"('74.125.24.95', 443)","('172.253.118.95', 443)",0.3333333333333333,51
638,"('13.35.15.126', 443)","('74.125.24.156', 443)",0.3333333333333333,51
639,"('13.35.15.126', 443)","('74.125.130.95', 443)",0.3333333333333333,51
640,"('13.35.15.126', 443)","('74.125.200.95', 443)",0.3333333333333333,51
641,"('13.35.15.126', 443)","('74.125.200.100', 443)",0.3333333333333333,51
642,"('13.35.15.126', 443)","('157.240.7.20', 443)",0.3333333333333333,51
643,"('13.35.15.126', 443)","('74.125.24.95', 443)",0.3333333333333333,51
644,"('157.240.7.20', 443)","('74.125.24.156', 443)",0.0,51
645,"('157.240.7.20', 443)","('172.253.118.95', 443)",0.0,51
646,"('74.125.200.100', 443)","('74.125.24.156', 443)",0.0,51
647,"('74.125.200.95', 443)","('74.125.24.156', 443)",0.0,51
648,"('74.125.200.95', 443)","('172.253.118.95', 443)",0.0,51
649,"('74.125.130.95', 443)","('74.125.24.156', 443)",0.0,51
650,"('74.125.130.95', 443)","('172.253.118.95', 443)",0.0,51
651,"('157.240.7.20', 443)","('74.125.130.95', 443)",0.0,51
652,"('74.125.24.95', 443)","('157.240.7.20', 443)",0.0,51
653,"('157.240.7.20', 443)","('74.125.200.95', 443)",0.0,51
654,"('157.240.7.20', 443)","('74.125.200.100', 443)",0.0,51
655,"('13.35.15.126', 443)","('172.253.118.95', 443)",0.0,51
656,"('142.250.4.95', 443)","('172.217.194.95', 443)",0.0,51
657,"('142.250.4.95', 443)","('157.240.7.20', 443)",0.0,51
658,"('142.250.4.95', 443)","('74.125.200.100', 443)",0.0,51
659,"('142.250.4.95', 443)","('74.125.200.95', 443)",0.0,51
660,"('142.250.4.95', 443)","('74.125.130.95', 443)",0.0,51
661,"('142.250.4.95', 443)","('172.253.118.95', 443)",0.0,51
662,"('172.217.194.95', 443)","('157.240.7.20', 443)",0.0,51
663,"('172.217.194.95', 443)","('74.125.24.156', 443)",0.0,51
664,"('74.125.24.95', 443)","('74.125.200.95', 443)",0.0,51
665,"('74.125.24.95', 443)","('74.125.130.95', 443)",0.0,51
666,"('74.125.24.156', 443)","('172.253.118.95', 443)",0.0,51
667,"('13.35.15.126', 443)","('13.35.15.15', 443)",1.0,52
668,"('13.35.15.126', 443)","('74.125.200.95', 443)",0.3333333333333333,52
669,"('13.35.15.15', 443)","('74.125.200.95', 443)",0.0,52
670,"('13.225.93.72', 443)","('13.35.15.15', 443)",1.0,53
671,"('13.225.93.72', 443)","('13.225.92.56', 443)",0.0,53
672,"('13.35.15.15', 443)","('13.225.92.56', 443)",0.0,53
673,"('13.225.93.72', 443)","('13.35.15.15', 443)",1.0,54
674,"('13.225.93.72', 443)","('172.217.194.95', 443)",0.0,54
675,"('13.35.15.15', 443)","('172.217.194.95', 443)",0.0,54
676,"('13.35.15.15', 443)","('74.125.200.95', 443)",1.0,55
677,"('13.35.15.15', 443)","('74.125.200.101', 443)",1.0,55
678,"('74.125.200.95', 443)","('172.217.194.95', 443)",1.0,55
679,"('74.125.200.95', 443)","('74.125.200.101', 443)",1.0,55
680,"('13.35.15.15', 443)","('172.217.194.95', 443)",0.0,55
681,"('172.217.194.95', 443)","('74.125.200.101', 443)",0.0,55
682,"('13.226.124.109', 443)","('74.125.24.154', 443)",,56
683,"('13.226.124.109', 443)","('74.125.24.95', 443)",,56
684,"('13.226.124.109', 443)","('172.217.194.106', 443)",,56
685,"('74.125.24.154', 443)","('74.125.24.95', 443)",,56
686,"('74.125.24.154', 443)","('172.217.194.106', 443)",,56
687,"('74.125.24.95', 443)","('172.217.194.106', 443)",,56
688,"('74.125.24.95', 443)","('172.217.194.95', 443)",1.0,57
689,"('13.35.15.126', 443)","('74.125.24.95', 443)",0.5,57
690,"('13.35.15.126', 443)","('172.217.194.95', 443)",0.5,57
691,"('74.125.200.102', 443)","('74.125.24.95', 443)",0.25,57
692,"('74.125.200.102', 443)","('172.217.194.95', 443)",0.25,57
693,"('13.35.15.126', 443)","('74.125.200.102', 443)",0.125,57
694,"('13.35.15.126', 443)","('142.250.4.119', 443)",0.125,57
695,"('74.125.200.102', 443)","('142.250.4.119', 443)",0.125,57
696,"('74.125.200.102', 443)","('74.125.200.95', 443)",0.125,57
697,"('74.125.24.95', 443)","('142.250.4.119', 443)",0.125,57
698,"('74.125.24.95', 443)","('74.125.200.95', 443)",0.125,57
699,"('142.250.4.119', 443)","('172.217.194.95', 443)",0.125,57
700,"('172.217.194.95', 443)","('74.125.200.95', 443)",0.125,57
701,"('13.35.15.126', 443)","('74.125.200.95', 443)",0.0,57
702,"('142.250.4.119', 443)","('74.125.200.95', 443)",0.0,57
703,"('13.35.15.126', 443)","('172.217.194.95', 443)",1.0,58
704,"('172.217.194.95', 443)","('74.125.200.100', 443)",1.0,58
705,"('74.125.200.100', 443)","('74.125.24.94', 443)",1.0,58
706,"('74.125.200.100', 443)","('74.125.200.95', 443)",1.0,58
707,"('172.217.194.95', 443)","('74.125.24.94', 443)",1.0,58
708,"('172.217.194.95', 443)","('74.125.200.95', 443)",1.0,58
709,"('74.125.200.95', 443)","('74.125.24.94', 443)",1.0,58
710,"('13.35.15.126', 443)","('74.125.24.94', 443)",0.5,58
711,"('13.35.15.126', 443)","('74.125.200.95', 443)",0.5,58
712,"('13.35.15.126', 443)","('157.240.7.35', 443)",0.5,58
713,"('157.240.13.14', 443)","('157.240.7.20', 443)",0.5,58
714,"('13.35.15.126', 443)","('157.240.13.14', 443)",0.5,58
715,"('13.35.15.126', 443)","('74.125.200.100', 443)",0.5,58
716,"('157.240.7.20', 443)","('74.125.200.95', 443)",0.0,58
717,"('157.240.7.35', 443)","('74.125.24.94', 443)",0.0,58
718,"('157.240.7.35', 443)","('74.125.200.95', 443)",0.0,58
719,"('13.35.15.126', 443)","('157.240.7.20', 443)",0.0,58
720,"('74.125.200.100', 443)","('157.240.7.35', 443)",0.0,58
721,"('157.240.7.20', 443)","('74.125.24.94', 443)",0.0,58
722,"('157.240.7.20', 443)","('74.125.200.100', 443)",0.0,58
723,"('157.240.7.20', 443)","('157.240.7.35', 443)",0.0,58
724,"('172.217.194.95', 443)","('157.240.13.14', 443)",0.0,58
725,"('157.240.13.14', 443)","('74.125.24.94', 443)",0.0,58
726,"('157.240.13.14', 443)","('74.125.200.95', 443)",0.0,58
727,"('157.240.13.14', 443)","('74.125.200.100', 443)",0.0,58
728,"('172.217.194.95', 443)","('157.240.7.35', 443)",0.0,58
729,"('172.217.194.95', 443)","('157.240.7.20', 443)",0.0,58
730,"('157.240.13.14', 443)","('157.240.7.35', 443)",0.0,58
731,"('13.35.15.48', 443)","('172.217.194.157', 443)",1.0,59
732,"('172.217.194.157', 443)","('74.125.24.95', 443)",1.0,59
733,"('13.35.15.48', 443)","('74.125.24.95', 443)",0.0,59
734,"('13.35.15.126', 443)","('13.35.15.15', 443)",1.0,60
735,"('13.35.15.15', 443)","('74.125.130.119', 443)",1.0,60
736,"('13.35.15.15', 443)","('74.125.24.94', 443)",1.0,60
737,"('74.125.130.119', 443)","('74.125.24.94', 443)",1.0,60
738,"('13.35.15.15', 443)","('74.125.68.113', 443)",0.5,60
739,"('74.125.130.119', 443)","('74.125.68.113', 443)",0.5,60
740,"('74.125.130.119', 443)","('74.125.24.188', 5228)",0.5,60
741,"('74.125.68.113', 443)","('74.125.24.94', 443)",0.5,60
742,"('13.35.15.126', 443)","('74.125.130.119', 443)",0.0,60
743,"('13.35.15.126', 443)","('74.125.68.113', 443)",0.0,60
744,"('13.35.15.126', 443)","('74.125.24.94', 443)",0.0,60
745,"('13.35.15.126', 443)","('74.125.24.188', 5228)",0.0,60
746,"('13.35.15.15', 443)","('74.125.24.188', 5228)",0.0,60
747,"('74.125.68.113', 443)","('74.125.24.188', 5228)",0.0,60
748,"('74.125.24.94', 443)","('74.125.24.188', 5228)",0.0,60
749,"('13.35.15.126', 443)","('13.227.231.63', 443)",1.0,61
750,"('13.35.15.126', 443)","('13.35.15.15', 443)",0.0,61
751,"('13.35.15.15', 443)","('13.227.231.63', 443)",0.0,61
752,"('13.225.93.45', 443)","('74.125.24.95', 443)",1.0,62
753,"('13.225.93.45', 443)","('74.125.130.95', 443)",0.0,62
754,"('13.225.93.45', 443)","('74.125.200.188', 5228)",0.0,62
755,"('74.125.24.95', 443)","('74.125.130.95', 443)",0.0,62
756,"('74.125.24.95', 443)","('74.125.200.188', 5228)",0.0,62
757,"('74.125.130.95', 443)","('74.125.200.188', 5228)",0.0,62
758,"('172.217.194.95', 443)","('74.125.200.102', 443)",1.0,63
759,"('172.217.194.95', 443)","('74.125.200.94', 443)",1.0,63
760,"('74.125.200.102', 443)","('74.125.200.94', 443)",1.0,63
761,"('172.217.194.95', 443)","('74.125.24.188', 5228)",0.0,63
762,"('74.125.200.102', 443)","('74.125.24.188', 5228)",0.0,63
763,"('74.125.200.94', 443)","('74.125.24.188', 5228)",0.0,63
764,"('13.35.15.15', 443)","('157.240.13.14', 443)",1.0,64
765,"('13.35.15.15', 443)","('172.217.194.157', 443)",1.0,64
766,"('157.240.13.14', 443)","('172.217.194.157', 443)",0.0,64
767,"('13.35.15.126', 443)","('13.35.15.15', 443)",1.0,65
768,"('13.35.15.126', 443)","('74.125.24.95', 443)",1.0,65
769,"('13.35.15.15', 443)","('74.125.24.95', 443)",0.0,65
770,"('13.225.93.72', 443)","('172.217.194.157', 443)",1.0,66
771,"('13.225.93.72', 443)","('74.125.24.95', 443)",1.0,66
772,"('13.225.93.72', 443)","('13.35.15.48', 443)",1.0,66
773,"('172.217.194.157', 443)","('74.125.24.95', 443)",1.0,66
774,"('172.217.194.157', 443)","('13.35.15.48', 443)",0.0,66
775,"('74.125.24.95', 443)","('13.35.15.48', 443)",0.0,66
776,"('13.225.93.72', 443)","('13.35.15.48', 443)",1.0,67
777,"('13.225.93.72', 443)","('13.227.231.63', 443)",0.0,67
778,"('13.225.93.72', 443)","('13.35.15.15', 443)",0.0,67
779,"('13.35.15.48', 443)","('13.227.231.63', 443)",0.0,67
780,"('13.35.15.48', 443)","('13.35.15.15', 443)",0.0,67
781,"('13.227.231.63', 443)","('13.35.15.15', 443)",0.0,67
782,"('13.225.93.45', 443)","('157.240.13.14', 443)",1.0,68
783,"('13.225.93.45', 443)","('172.217.194.95', 443)",1.0,68
784,"('157.240.13.14', 443)","('172.217.194.95', 443)",0.0,68
785,"('74.125.24.95', 443)","('172.217.194.157', 443)",1.0,69
786,"('13.35.15.48', 443)","('13.227.231.52', 443)",0.5,69
787,"('13.35.15.48', 443)","('74.125.24.95', 443)",0.5,69
788,"('13.35.15.48', 443)","('172.217.194.157', 443)",0.5,69
789,"('172.217.194.95', 443)","('74.125.24.95', 443)",0.5,69
790,"('172.217.194.95', 443)","('172.217.194.157', 443)",0.5,69
791,"('13.35.15.48', 443)","('172.217.194.95', 443)",0.0,69
792,"('13.227.231.52', 443)","('172.217.194.95', 443)",0.0,69
793,"('13.227.231.52', 443)","('74.125.24.95', 443)",0.0,69
794,"('13.227.231.52', 443)","('172.217.194.157', 443)",0.0,69
795,"('74.125.24.95', 443)","('74.125.200.95', 443)",,70
796,"('74.125.24.95', 443)","('74.125.200.157', 443)",,70
797,"('74.125.200.95', 443)","('74.125.200.157', 443)",,70
798,"('13.35.15.15', 443)","('13.226.124.3', 443)",1.0,71
799,"('13.226.124.3', 443)","('172.217.194.95', 443)",1.0,71
800,"('13.35.15.15', 443)","('172.217.194.95', 443)",0.0,71
801,"('13.35.15.9', 443)","('13.35.15.15', 443)",1.0,72
802,"('172.217.194.157', 443)","('74.125.24.95', 443)",1.0,72
803,"('13.35.15.9', 443)","('172.217.194.157', 443)",0.5,72
804,"('13.35.15.9', 443)","('74.125.24.95', 443)",0.5,72
805,"('13.35.15.15', 443)","('172.217.194.157', 443)",0.5,72
806,"('13.35.15.15', 443)","('74.125.24.95', 443)",0.5,72
807,"('13.35.15.15', 443)","('74.125.68.188', 5228)",0.5,72
808,"('172.217.194.157', 443)","('74.125.68.188', 5228)",0.5,72
809,"('74.125.24.95', 443)","('74.125.68.188', 5228)",0.5,72
810,"('13.35.15.9', 443)","('74.125.68.188', 5228)",0.0,72
811,"('13.35.15.126', 443)","('74.125.24.95', 443)",,73
812,"('13.35.15.126', 443)","('74.125.24.102', 443)",,73
813,"('74.125.24.95', 443)","('74.125.24.102', 443)",,73
814,"('13.35.15.15', 443)","('74.125.130.119', 443)",1.0,74
815,"('13.35.15.15', 443)","('74.125.24.94', 443)",1.0,74
816,"('74.125.130.119', 443)","('74.125.24.94', 443)",1.0,74
817,"('13.35.15.15', 443)","('74.125.68.113', 443)",0.5,74
818,"('13.35.15.15', 443)","('74.125.24.188', 5228)",0.5,74
819,"('74.125.130.119', 443)","('74.125.68.113', 443)",0.5,74
820,"('74.125.130.119', 443)","('74.125.24.188', 5228)",0.5,74
821,"('74.125.68.113', 443)","('74.125.24.94', 443)",0.5,74
822,"('74.125.24.94', 443)","('74.125.24.188', 5228)",0.5,74
823,"('74.125.68.113', 443)","('74.125.24.188', 5228)",0.0,74
824,"('13.225.93.45', 443)","('74.125.200.19', 443)",1.0,75
825,"('13.225.93.45', 443)","('157.240.13.14', 443)",1.0,75
826,"('13.225.93.45', 443)","('172.67.160.193', 443)",1.0,75
827,"('74.125.200.18', 443)","('74.125.200.188', 5228)",1.0,75
828,"('157.240.13.14', 443)","('172.67.160.193', 443)",1.0,75
829,"('13.225.93.45', 443)","('74.125.200.18', 443)",0.0,75
830,"('13.225.93.45', 443)","('74.125.200.188', 5228)",0.0,75
831,"('74.125.200.19', 443)","('74.125.200.18', 443)",0.0,75
832,"('74.125.200.19', 443)","('157.240.13.14', 443)",0.0,75
833,"('74.125.200.19', 443)","('172.67.160.193', 443)",0.0,75
834,"('74.125.200.19', 443)","('74.125.200.188', 5228)",0.0,75
835,"('74.125.200.18', 443)","('157.240.13.14', 443)",0.0,75
836,"('74.125.200.18', 443)","('172.67.160.193', 443)",0.0,75
837,"('157.240.13.14', 443)","('74.125.200.188', 5228)",0.0,75
838,"('172.67.160.193', 443)","('74.125.200.188', 5228)",0.0,75
839,"('13.35.15.126', 443)","('13.227.231.46', 443)",,76
840,"('13.35.15.126', 443)","('13.35.15.15', 443)",,76
841,"('13.227.231.46', 443)","('13.35.15.15', 443)",,76
842,"('13.35.15.15', 443)","('172.217.194.95', 443)",1.0,77
843,"('13.35.15.15', 443)","('74.125.24.188', 5228)",1.0,77
844,"('172.217.194.95', 443)","('74.125.24.188', 5228)",0.0,77
845,"('13.225.93.72', 443)","('172.67.160.193', 443)",1.0,78
846,"('74.125.24.99', 443)","('157.240.13.14', 443)",1.0,78
847,"('13.225.93.72', 443)","('74.125.24.99', 443)",0.0,78
848,"('13.225.93.72', 443)","('157.240.13.14', 443)",0.0,78
849,"('172.67.160.193', 443)","('74.125.24.99', 443)",0.0,78
850,"('172.67.160.193', 443)","('157.240.13.14', 443)",0.0,78
851,"('13.35.15.15', 443)","('13.35.15.126', 443)",1.0,79
852,"('13.35.15.126', 443)","('74.125.24.139', 443)",0.5,79
853,"('13.35.15.126', 443)","('74.125.24.188', 5228)",0.5,79
854,"('13.35.15.15', 443)","('74.125.24.139', 443)",0.0,79
855,"('13.35.15.15', 443)","('74.125.24.188', 5228)",0.0,79
856,"('74.125.24.139', 443)","('74.125.24.188', 5228)",0.0,79
857,"('172.253.118.119', 443)","('172.217.194.113', 443)",,80
858,"('172.253.118.119', 443)","('74.125.200.94', 443)",,80
859,"('172.217.194.113', 443)","('74.125.200.94', 443)",,80
860,"('13.35.15.9', 443)","('13.35.15.15', 443)",1.0,81
861,"('13.35.15.15', 443)","('172.217.194.95', 443)",1.0,81
862,"('13.35.15.9', 443)","('172.217.194.95', 443)",0.0,81
863,"('13.225.93.45', 443)","('172.217.194.155', 443)",1.0,82
864,"('13.225.93.45', 443)","('157.240.13.14', 443)",1.0,82
865,"('172.217.194.155', 443)","('157.240.13.14', 443)",0.0,82
866,"('13.35.15.126', 443)","('74.125.24.95', 443)",,83
867,"('13.35.15.126', 443)","('74.125.200.94', 443)",,83
868,"('74.125.24.95', 443)","('74.125.200.94', 443)",,83
869,"('13.226.124.3', 443)","('13.226.124.109', 443)",1.0,84
870,"('13.226.124.3', 443)","('172.217.194.155', 443)",0.5,84
871,"('13.226.124.3', 443)","('13.224.155.54', 443)",0.5,84
872,"('13.226.124.3', 443)","('172.217.194.106', 443)",0.5,84
873,"('13.226.124.109', 443)","('13.224.155.54', 443)",0.5,84
874,"('13.226.124.109', 443)","('172.217.194.155', 443)",0.0,84
875,"('13.226.124.109', 443)","('172.217.194.106', 443)",0.0,84
876,"('172.217.194.155', 443)","('13.224.155.54', 443)",0.0,84
877,"('172.217.194.155', 443)","('172.217.194.106', 443)",0.0,84
878,"('13.224.155.54', 443)","('172.217.194.106', 443)",0.0,84
879,"('13.227.231.63', 443)","('172.217.194.154', 443)",1.0,85
880,"('104.21.14.233', 443)","('13.227.231.63', 443)",0.0,85
881,"('104.21.14.233', 443)","('172.217.194.154', 443)",0.0,85
882,"('13.226.124.34', 443)","('157.240.13.14', 443)",1.0,86
883,"('13.226.124.34', 443)","('74.125.68.188', 5228)",1.0,86
884,"('157.240.13.14', 443)","('74.125.24.95', 443)",1.0,86
885,"('13.226.124.34', 443)","('74.125.24.95', 443)",0.0,86
886,"('157.240.13.14', 443)","('74.125.68.188', 5228)",0.0,86
887,"('74.125.24.95', 443)","('74.125.68.188', 5228)",0.0,86
888,"('13.226.124.109', 443)","('13.35.15.48', 443)",1.0,87
889,"('13.226.124.109', 443)","('13.224.155.65', 443)",0.0,87
890,"('13.35.15.48', 443)","('13.224.155.65', 443)",0.0,87
891,"('13.35.15.15', 443)","('13.227.231.52', 443)",1.0,88
892,"('13.227.231.52', 443)","('74.125.200.157', 443)",1.0,88
893,"('13.35.15.126', 443)","('13.35.15.15', 443)",0.5,88
894,"('13.35.15.126', 443)","('157.240.13.35', 443)",0.5,88
895,"('104.21.14.233', 443)","('13.35.15.15', 443)",0.5,88
896,"('104.21.14.233', 443)","('13.227.231.52', 443)",0.5,88
897,"('104.21.14.233', 443)","('74.125.200.157', 443)",0.5,88
898,"('13.35.15.15', 443)","('74.125.200.157', 443)",0.5,88
899,"('13.35.15.126', 443)","('104.21.14.233', 443)",0.0,88
900,"('13.35.15.126', 443)","('13.227.231.52', 443)",0.0,88
901,"('13.35.15.126', 443)","('74.125.200.157', 443)",0.0,88
902,"('104.21.14.233', 443)","('157.240.13.35', 443)",0.0,88
903,"('13.35.15.15', 443)","('157.240.13.35', 443)",0.0,88
904,"('13.227.231.52', 443)","('157.240.13.35', 443)",0.0,88
905,"('157.240.13.35', 443)","('74.125.200.157', 443)",0.0,88
906,"('13.35.15.126', 443)","('13.35.15.48', 443)",1.0,89
907,"('13.35.15.126', 443)","('13.227.231.52', 443)",0.0,89
908,"('13.227.231.52', 443)","('13.35.15.48', 443)",0.0,89
909,"('13.35.15.126', 443)","('172.253.118.157', 443)",1.0,90
910,"('13.35.15.126', 443)","('157.240.7.20', 443)",0.0,90
911,"('157.240.7.20', 443)","('172.253.118.157', 443)",0.0,90
912,"('13.226.124.3', 443)","('13.226.124.109', 443)",1.0,91
913,"('13.226.124.3', 443)","('13.224.155.65', 443)",0.0,91
914,"('13.226.124.3', 443)","('13.35.15.48', 443)",0.0,91
915,"('13.226.124.109', 443)","('13.224.155.65', 443)",0.0,91
916,"('13.226.124.109', 443)","('13.35.15.48', 443)",0.0,91
917,"('13.224.155.65', 443)","('13.35.15.48', 443)",0.0,91
918,"('13.35.15.48', 443)","('172.217.194.95', 443)",,92
919,"('13.35.15.48', 443)","('74.125.200.19', 443)",,92
920,"('172.217.194.95', 443)","('74.125.200.19', 443)",,92
921,"('13.35.15.15', 443)","('13.35.15.48', 443)",1.0,93
922,"('13.35.15.48', 443)","('13.227.231.52', 443)",0.6666666666666666,93
923,"('13.35.15.15', 443)","('13.227.231.52', 443)",0.3333333333333333,93
924,"('13.35.15.15', 443)","('74.125.200.157', 443)",0.3333333333333333,93
925,"('13.35.15.48', 443)","('74.125.200.157', 443)",0.3333333333333333,93
926,"('13.35.15.48', 443)","('172.217.194.95', 443)",0.3333333333333333,93
927,"('13.35.15.15', 443)","('172.217.194.95', 443)",0.0,93
928,"('13.227.231.52', 443)","('74.125.200.157', 443)",0.0,93
929,"('13.227.231.52', 443)","('172.217.194.95', 443)",0.0,93
930,"('74.125.200.157', 443)","('172.217.194.95', 443)",0.0,93
931,"('157.240.7.20', 443)","('13.35.15.126', 443)",1.0,94
932,"('13.35.15.126', 443)","('74.125.200.100', 443)",0.5,94
933,"('13.35.15.126', 443)","('74.125.200.95', 443)",0.5,94
934,"('172.217.194.95', 443)","('74.125.130.95', 443)",0.5,94
935,"('172.217.194.95', 443)","('74.125.200.95', 443)",0.5,94
936,"('172.217.194.95', 443)","('74.125.200.94', 443)",0.5,94
937,"('172.217.194.95', 443)","('74.125.24.154', 443)",0.5,94
938,"('172.217.194.95', 443)","('74.125.24.95', 443)",0.5,94
939,"('74.125.24.95', 443)","('74.125.200.95', 443)",0.5,94
940,"('74.125.200.94', 443)","('74.125.24.154', 443)",0.5,94
941,"('74.125.200.95', 443)","('74.125.200.100', 443)",0.5,94
942,"('74.125.130.95', 443)","('74.125.200.94', 443)",0.5,94
943,"('74.125.130.95', 443)","('74.125.24.154', 443)",0.5,94
944,"('74.125.130.95', 443)","('74.125.200.100', 443)",0.0,94
945,"('74.125.130.95', 443)","('74.125.200.95', 443)",0.0,94
946,"('172.217.194.95', 443)","('157.240.7.20', 443)",0.0,94
947,"('74.125.200.95', 443)","('74.125.24.154', 443)",0.0,94
948,"('74.125.200.94', 443)","('74.125.200.100', 443)",0.0,94
949,"('74.125.24.154', 443)","('74.125.200.100', 443)",0.0,94
950,"('74.125.200.95', 443)","('74.125.200.94', 443)",0.0,94
951,"('13.35.15.126', 443)","('74.125.130.95', 443)",0.0,94
952,"('13.35.15.126', 443)","('74.125.24.154', 443)",0.0,94
953,"('157.240.7.20', 443)","('74.125.24.154', 443)",0.0,94
954,"('172.217.194.95', 443)","('13.35.15.126', 443)",0.0,94
955,"('172.217.194.95', 443)","('74.125.200.100', 443)",0.0,94
956,"('157.240.7.20', 443)","('74.125.24.95', 443)",0.0,94
957,"('157.240.7.20', 443)","('74.125.130.95', 443)",0.0,94
958,"('157.240.7.20', 443)","('74.125.200.95', 443)",0.0,94
959,"('157.240.7.20', 443)","('74.125.200.94', 443)",0.0,94
960,"('13.35.15.126', 443)","('74.125.200.94', 443)",0.0,94
961,"('157.240.7.20', 443)","('74.125.200.100', 443)",0.0,94
962,"('74.125.24.95', 443)","('13.35.15.126', 443)",0.0,94
963,"('74.125.24.95', 443)","('74.125.130.95', 443)",0.0,94
964,"('74.125.24.95', 443)","('74.125.200.94', 443)",0.0,94
965,"('74.125.24.95', 443)","('74.125.24.154', 443)",0.0,94
966,"('74.125.24.95', 443)","('74.125.200.100', 443)",0.0,94
967,"('13.226.124.109', 443)","('172.217.194.106', 443)",1.0,95
968,"('13.226.124.109', 443)","('13.226.124.3', 443)",1.0,95
969,"('13.226.124.3', 443)","('13.224.155.65', 443)",1.0,95
970,"('13.226.124.109', 443)","('13.224.155.65', 443)",0.0,95
971,"('172.217.194.106', 443)","('13.226.124.3', 443)",0.0,95
972,"('172.217.194.106', 443)","('13.224.155.65', 443)",0.0,95
973,"('13.227.231.52', 443)","('13.35.15.15', 443)",1.0,96
974,"('13.35.15.126', 443)","('13.227.231.52', 443)",0.0,96
975,"('13.35.15.126', 443)","('13.35.15.15', 443)",0.0,96
976,"('13.35.15.9', 443)","('157.240.13.14', 443)",1.0,97
977,"('13.35.15.9', 443)","('69.171.250.15', 443)",0.0,97
978,"('157.240.13.14', 443)","('69.171.250.15', 443)",0.0,97
979,"('13.35.15.126', 443)","('142.250.4.119', 443)",,98
980,"('13.35.15.126', 443)","('74.125.200.139', 443)",,98
981,"('13.35.15.126', 443)","('172.217.194.94', 443)",,98
982,"('142.250.4.119', 443)","('74.125.200.139', 443)",,98
983,"('142.250.4.119', 443)","('172.217.194.94', 443)",,98
984,"('74.125.200.139', 443)","('172.217.194.94', 443)",,98
985,"('13.35.15.15', 443)","('157.240.13.14', 443)",1.0,99
986,"('13.35.15.15', 443)","('172.217.194.95', 443)",0.5,99
987,"('157.240.13.14', 443)","('172.217.194.95', 443)",0.0,99
988,"('13.35.15.48', 443)","('13.225.93.72', 443)",1.0,100
989,"('13.35.15.48', 443)","('74.125.24.95', 443)",0.0,100
990,"('13.225.93.72', 443)","('74.125.24.95', 443)",0.0,100
991,"('142.250.4.95', 443)","('74.125.24.94', 443)",1.0,101
992,"('74.125.24.102', 443)","('74.125.24.94', 443)",1.0,101
993,"('142.250.4.95', 443)","('74.125.24.102', 443)",1.0,101
994,"('74.125.24.95', 443)","('74.125.24.94', 443)",1.0,101
995,"('74.125.24.95', 443)","('74.125.24.102', 443)",1.0,101
996,"('74.125.24.95', 443)","('142.250.4.95', 443)",1.0,101
997,"('13.35.15.126', 443)","('74.125.24.95', 443)",0.5,101
998,"('172.217.194.95', 443)","('74.125.24.94', 443)",0.5,101
999,"('172.217.194.95', 443)","('74.125.24.102', 443)",0.5,101
1000,"('172.217.194.95', 443)","('142.250.4.95', 443)",0.5,101
1001,"('172.217.194.95', 443)","('74.125.24.95', 443)",0.5,101
1002,"('13.35.15.126', 443)","('13.227.231.52', 443)",0.5,101
1003,"('13.35.15.126', 443)","('74.125.24.94', 443)",0.5,101
1004,"('13.35.15.126', 443)","('74.125.24.102', 443)",0.5,101
1005,"('13.35.15.126', 443)","('142.250.4.95', 443)",0.5,101
1006,"('74.125.24.102', 443)","('13.227.231.52', 443)",0.0,101
1007,"('13.35.15.126', 443)","('172.217.194.95', 443)",0.0,101
1008,"('172.217.194.95', 443)","('13.227.231.52', 443)",0.0,101
1009,"('142.250.4.95', 443)","('13.227.231.52', 443)",0.0,101
1010,"('74.125.24.95', 443)","('13.227.231.52', 443)",0.0,101
1011,"('74.125.24.94', 443)","('13.227.231.52', 443)",0.0,101
1012,"('13.35.15.48', 443)","('13.35.15.15', 443)",1.0,102
1013,"('13.35.15.48', 443)","('13.227.231.52', 443)",0.0,102
1014,"('13.35.15.15', 443)","('13.227.231.52', 443)",0.0,102
1015,"('13.35.15.15', 443)","('172.217.194.95', 443)",1.0,103
1016,"('13.35.15.15', 443)","('13.225.93.72', 443)",0.0,103
1017,"('172.217.194.95', 443)","('13.225.93.72', 443)",0.0,103
1018,"('13.35.15.126', 443)","('172.217.194.95', 443)",1.0,104
1019,"('13.35.15.126', 443)","('74.125.200.95', 443)",1.0,104
1020,"('172.217.194.95', 443)","('74.125.200.95', 443)",1.0,104
1021,"('13.35.15.126', 443)","('74.125.24.94', 443)",0.3333333333333333,104
1022,"('13.35.15.126', 443)","('172.217.194.157', 443)",0.3333333333333333,104
1023,"('13.35.15.126', 443)","('74.125.200.100', 443)",0.3333333333333333,104
1024,"('172.217.194.95', 443)","('74.125.24.94', 443)",0.3333333333333333,104
1025,"('172.217.194.95', 443)","('172.217.194.157', 443)",0.3333333333333333,104
1026,"('172.217.194.95', 443)","('74.125.200.100', 443)",0.3333333333333333,104
1027,"('74.125.200.95', 443)","('74.125.24.94', 443)",0.3333333333333333,104
1028,"('74.125.200.95', 443)","('172.217.194.157', 443)",0.3333333333333333,104
1029,"('74.125.200.95', 443)","('74.125.200.100', 443)",0.3333333333333333,104
1030,"('74.125.24.94', 443)","('74.125.200.100', 443)",0.3333333333333333,104
1031,"('74.125.24.94', 443)","('172.217.194.157', 443)",0.0,104
1032,"('172.217.194.157', 443)","('74.125.200.100', 443)",0.0,104
1033,"('13.35.15.15', 443)","('74.125.200.95', 443)",1.0,105
1034,"('13.35.15.15', 443)","('74.125.200.94', 443)",0.5,105
1035,"('157.240.13.14', 443)","('74.125.130.95', 443)",0.5,105
1036,"('13.35.15.15', 443)","('157.240.13.14', 443)",0.0,105
1037,"('13.35.15.15', 443)","('74.125.130.95', 443)",0.0,105
1038,"('157.240.13.14', 443)","('74.125.200.95', 443)",0.0,105
1039,"('157.240.13.14', 443)","('74.125.200.94', 443)",0.0,105
1040,"('74.125.130.95', 443)","('74.125.200.95', 443)",0.0,105
1041,"('74.125.130.95', 443)","('74.125.200.94', 443)",0.0,105
1042,"('74.125.200.95', 443)","('74.125.200.94', 443)",0.0,105
1043,"('13.35.15.48', 443)","('172.217.194.95', 443)",1.0,106
1044,"('13.35.15.48', 443)","('157.240.13.14', 443)",0.0,106
1045,"('172.217.194.95', 443)","('157.240.13.14', 443)",0.0,106
1046,"('13.35.15.9', 443)","('13.35.15.15', 443)",1.0,107
1047,"('13.35.15.9', 443)","('13.227.231.46', 443)",1.0,107
1048,"('13.35.15.9', 443)","('74.125.24.188', 5228)",1.0,107
1049,"('13.35.15.15', 443)","('13.227.231.46', 443)",1.0,107
1050,"('13.35.15.15', 443)","('74.125.24.188', 5228)",1.0,107
1051,"('13.227.231.46', 443)","('74.125.24.188', 5228)",0.0,107
1052,"('13.35.15.15', 443)","('172.217.194.95', 443)",1.0,108
1053,"('13.35.15.15', 443)","('74.125.68.188', 5228)",1.0,108
1054,"('172.217.194.95', 443)","('74.125.24.95', 443)",1.0,108
1055,"('172.217.194.95', 443)","('74.125.68.188', 5228)",1.0,108
1056,"('13.35.15.15', 443)","('74.125.24.95', 443)",0.0,108
1057,"('74.125.24.95', 443)","('74.125.68.188', 5228)",0.0,108
1058,"('13.35.15.9', 443)","('13.35.15.15', 443)",,109
1059,"('13.35.15.9', 443)","('74.125.68.188', 5228)",,109
1060,"('13.35.15.15', 443)","('74.125.68.188', 5228)",,109
1061,"('13.225.93.8', 443)","('74.125.24.94', 443)",1.0,110
1062,"('13.225.93.8', 443)","('74.125.130.119', 443)",0.0,110
1063,"('13.225.93.8', 443)","('172.217.194.102', 443)",0.0,110
1064,"('74.125.130.119', 443)","('172.217.194.102', 443)",0.0,110
1065,"('74.125.130.119', 443)","('74.125.24.94', 443)",0.0,110
1066,"('172.217.194.102', 443)","('74.125.24.94', 443)",0.0,110
1067,"('13.226.124.3', 443)","('74.125.200.17', 443)",1.0,111
1068,"('13.226.124.3', 443)","('74.125.24.188', 5228)",1.0,111
1069,"('74.125.68.95', 443)","('74.125.24.188', 5228)",1.0,111
1070,"('13.226.124.3', 443)","('74.125.68.95', 443)",0.0,111
1071,"('74.125.200.17', 443)","('74.125.68.95', 443)",0.0,111
1072,"('74.125.200.17', 443)","('74.125.24.188', 5228)",0.0,111
1073,"('172.217.194.95', 443)","('74.125.24.95', 443)",1.0,112
1074,"('74.125.24.95', 443)","('74.125.200.95', 443)",0.6666666666666666,112
1075,"('172.217.194.95', 443)","('74.125.200.100', 443)",0.6666666666666666,112
1076,"('172.217.194.95', 443)","('74.125.200.95', 443)",0.6666666666666666,112
1077,"('74.125.24.95', 443)","('74.125.24.154', 443)",0.6666666666666666,112
1078,"('74.125.200.95', 443)","('74.125.24.154', 443)",0.6666666666666666,112
1079,"('172.217.194.95', 443)","('74.125.24.154', 443)",0.6666666666666666,112
1080,"('74.125.24.95', 443)","('74.125.200.100', 443)",0.6666666666666666,112
1081,"('74.125.200.95', 443)","('74.125.200.100', 443)",0.6666666666666666,112
1082,"('74.125.24.154', 443)","('74.125.200.100', 443)",0.6666666666666666,112
1083,"('172.217.194.95', 443)","('74.125.200.17', 443)",0.3333333333333333,112
1084,"('74.125.200.95', 443)","('74.125.24.94', 443)",0.3333333333333333,112
1085,"('172.217.194.95', 443)","('172.253.118.95', 443)",0.3333333333333333,112
1086,"('74.125.24.95', 443)","('172.253.118.95', 443)",0.3333333333333333,112
1087,"('207.241.227.111', 443)","('172.217.194.95', 443)",0.3333333333333333,112
1088,"('74.125.200.17', 443)","('172.253.118.95', 443)",0.3333333333333333,112
1089,"('74.125.24.95', 443)","('74.125.200.17', 443)",0.3333333333333333,112
1090,"('207.241.227.111', 443)","('74.125.200.95', 443)",0.3333333333333333,112
1091,"('207.241.227.111', 443)","('157.240.7.20', 443)",0.3333333333333333,112
1092,"('172.217.194.95', 443)","('157.240.7.20', 443)",0.3333333333333333,112
1093,"('74.125.24.95', 443)","('74.125.24.94', 443)",0.0,112
1094,"('157.240.7.20', 443)","('74.125.24.94', 443)",0.0,112
1095,"('74.125.200.95', 443)","('172.253.118.95', 443)",0.0,112
1096,"('74.125.24.154', 443)","('74.125.200.17', 443)",0.0,112
1097,"('74.125.24.154', 443)","('172.253.118.95', 443)",0.0,112
1098,"('74.125.24.154', 443)","('74.125.24.94', 443)",0.0,112
1099,"('74.125.200.17', 443)","('74.125.200.100', 443)",0.0,112
1100,"('74.125.200.17', 443)","('74.125.24.94', 443)",0.0,112
1101,"('74.125.200.100', 443)","('172.253.118.95', 443)",0.0,112
1102,"('74.125.200.100', 443)","('74.125.24.94', 443)",0.0,112
1103,"('74.125.200.95', 443)","('74.125.200.17', 443)",0.0,112
1104,"('157.240.7.20', 443)","('74.125.24.95', 443)",0.0,112
1105,"('157.240.7.20', 443)","('172.253.118.95', 443)",0.0,112
1106,"('157.240.7.20', 443)","('74.125.200.100', 443)",0.0,112
1107,"('207.241.227.111', 443)","('74.125.24.95', 443)",0.0,112
1108,"('207.241.227.111', 443)","('74.125.24.154', 443)",0.0,112
1109,"('207.241.227.111', 443)","('74.125.200.17', 443)",0.0,112
1110,"('207.241.227.111', 443)","('74.125.200.100', 443)",0.0,112
1111,"('207.241.227.111', 443)","('172.253.118.95', 443)",0.0,112
1112,"('207.241.227.111', 443)","('74.125.24.94', 443)",0.0,112
1113,"('172.217.194.95', 443)","('74.125.24.94', 443)",0.0,112
1114,"('157.240.7.20', 443)","('74.125.200.95', 443)",0.0,112
1115,"('157.240.7.20', 443)","('74.125.24.154', 443)",0.0,112
1116,"('157.240.7.20', 443)","('74.125.200.17', 443)",0.0,112
1117,"('172.253.118.95', 443)","('74.125.24.94', 443)",0.0,112
1118,"('13.35.15.15', 443)","('172.217.194.157', 443)",1.0,113
1119,"('13.35.15.15', 443)","('157.240.13.14', 443)",1.0,113
1120,"('13.35.15.15', 443)","('74.125.24.95', 443)",1.0,113
1121,"('172.217.194.157', 443)","('74.125.24.95', 443)",1.0,113
1122,"('172.217.194.157', 443)","('157.240.13.14', 443)",0.0,113
1123,"('157.240.13.14', 443)","('74.125.24.95', 443)",0.0,113
1124,"('13.35.15.48', 443)","('172.217.194.95', 443)",1.0,114
1125,"('13.35.15.48', 443)","('157.240.13.14', 443)",0.0,114
1126,"('172.217.194.95', 443)","('157.240.13.14', 443)",0.0,114
1127,"('13.35.15.15', 443)","('13.35.15.48', 443)",1.0,115
1128,"('13.35.15.15', 443)","('216.58.221.74', 443)",0.5,115
1129,"('13.35.15.48', 443)","('216.58.221.74', 443)",0.5,115
1130,"('13.35.15.48', 443)","('74.125.24.188', 5228)",0.5,115
1131,"('13.35.15.15', 443)","('74.125.24.188', 5228)",0.0,115
1132,"('216.58.221.74', 443)","('74.125.24.188', 5228)",0.0,115
1133,"('13.35.15.48', 443)","('13.227.231.52', 443)",,116
1134,"('13.35.15.48', 443)","('13.35.15.126', 443)",,116
1135,"('13.227.231.52', 443)","('13.35.15.126', 443)",,116
1136,"('13.35.15.15', 443)","('13.35.15.48', 443)",1.0,117
1137,"('13.35.15.48', 443)","('13.227.231.52', 443)",0.2,117
1138,"('13.35.15.15', 443)","('13.227.231.52', 443)",0.2,117
1139,"('13.35.15.48', 443)","('74.125.68.188', 5228)",0.2,117
1140,"('13.35.15.48', 443)","('157.240.7.20', 443)",0.2,117
1141,"('13.35.15.48', 443)","('69.171.250.15', 443)",0.2,117
1142,"('13.35.15.48', 443)","('74.125.200.157', 443)",0.2,117
1143,"('13.35.15.48', 443)","('74.125.200.95', 443)",0.2,117
1144,"('13.35.15.15', 443)","('74.125.68.188', 5228)",0.2,117
1145,"('74.125.200.95', 443)","('74.125.68.188', 5228)",0.2,117
1146,"('69.171.250.15', 443)","('157.240.7.20', 443)",0.2,117
1147,"('13.35.15.15', 443)","('74.125.200.95', 443)",0.2,117
1148,"('74.125.200.157', 443)","('69.171.250.15', 443)",0.0,117
1149,"('74.125.200.95', 443)","('157.240.7.20', 443)",0.0,117
1150,"('69.171.250.15', 443)","('74.125.68.188', 5228)",0.0,117
1151,"('74.125.200.95', 443)","('69.171.250.15', 443)",0.0,117
1152,"('74.125.200.157', 443)","('74.125.68.188', 5228)",0.0,117
1153,"('74.125.200.157', 443)","('157.240.7.20', 443)",0.0,117
1154,"('13.227.231.52', 443)","('74.125.200.95', 443)",0.0,117
1155,"('74.125.200.157', 443)","('74.125.200.95', 443)",0.0,117
1156,"('13.227.231.52', 443)","('74.125.68.188', 5228)",0.0,117
1157,"('13.227.231.52', 443)","('157.240.7.20', 443)",0.0,117
1158,"('13.227.231.52', 443)","('69.171.250.15', 443)",0.0,117
1159,"('13.227.231.52', 443)","('74.125.200.157', 443)",0.0,117
1160,"('13.35.15.15', 443)","('157.240.7.20', 443)",0.0,117
1161,"('13.35.15.15', 443)","('69.171.250.15', 443)",0.0,117
1162,"('13.35.15.15', 443)","('74.125.200.157', 443)",0.0,117
1163,"('157.240.7.20', 443)","('74.125.68.188', 5228)",0.0,117
1164,"('13.35.15.15', 443)","('74.125.24.104', 443)",1.0,118
1165,"('13.35.15.15', 443)","('13.227.231.63', 443)",1.0,118
1166,"('74.125.24.104', 443)","('13.227.231.63', 443)",0.0,118
1167,"('13.35.15.9', 443)","('13.35.15.15', 443)",,119
1168,"('13.35.15.9', 443)","('74.125.24.188', 5228)",,119
1169,"('13.35.15.15', 443)","('74.125.24.188', 5228)",,119
1170,"('13.35.15.126', 443)","('74.125.24.95', 443)",1.0,120
1171,"('13.35.15.126', 443)","('74.125.200.95', 443)",1.0,120
1172,"('74.125.24.95', 443)","('74.125.200.95', 443)",0.0,120
1173,"('172.217.175.3', 443)","('74.125.130.157', 443)",1.0,121
1174,"('74.125.130.157', 443)","('74.125.24.188', 5228)",1.0,121
1175,"('13.35.15.126', 443)","('157.240.13.14', 443)",1.0,121
1176,"('172.217.194.95', 443)","('74.125.200.94', 443)",1.0,121
1177,"('172.217.194.95', 443)","('172.217.175.3', 443)",1.0,121
1178,"('172.217.194.95', 443)","('74.125.130.157', 443)",1.0,121
1179,"('172.217.194.95', 443)","('74.125.24.188', 5228)",1.0,121
1180,"('172.217.175.3', 443)","('74.125.24.188', 5228)",1.0,121
1181,"('74.125.200.94', 443)","('172.217.175.3', 443)",1.0,121
1182,"('74.125.200.94', 443)","('74.125.130.157', 443)",1.0,121
1183,"('74.125.200.94', 443)","('74.125.24.188', 5228)",1.0,121
1184,"('13.35.15.126', 443)","('172.217.194.95', 443)",0.0,121
1185,"('74.125.130.157', 443)","('157.240.13.14', 443)",0.0,121
1186,"('172.217.175.3', 443)","('157.240.13.14', 443)",0.0,121
1187,"('172.217.194.95', 443)","('157.240.13.14', 443)",0.0,121
1188,"('74.125.200.94', 443)","('157.240.13.14', 443)",0.0,121
1189,"('13.35.15.126', 443)","('74.125.200.94', 443)",0.0,121
1190,"('13.35.15.126', 443)","('74.125.24.188', 5228)",0.0,121
1191,"('13.35.15.126', 443)","('74.125.130.157', 443)",0.0,121
1192,"('13.35.15.126', 443)","('172.217.175.3', 443)",0.0,121
1193,"('74.125.24.188', 5228)","('157.240.13.14', 443)",0.0,121
1194,"('13.35.15.15', 443)","('13.35.15.9', 443)",1.0,122
1195,"('13.35.15.15', 443)","('157.240.13.14', 443)",0.0,122
1196,"('13.35.15.9', 443)","('157.240.13.14', 443)",0.0,122
1197,"('13.35.15.126', 443)","('74.125.24.188', 5228)",1.0,123
1198,"('172.217.194.95', 443)","('74.125.24.188', 5228)",1.0,123
1199,"('13.35.15.126', 443)","('172.217.194.95', 443)",0.0,123
1200,"('13.225.93.8', 443)","('157.240.13.14', 443)",1.0,124
1201,"('13.225.93.8', 443)","('203.113.183.81', 443)",1.0,124
1202,"('157.240.13.14', 443)","('203.113.183.81', 443)",0.0,124
1203,"('13.35.15.48', 443)","('13.227.231.63', 443)",,125
1204,"('13.35.15.48', 443)","('13.35.15.15', 443)",,125
1205,"('13.227.231.63', 443)","('13.35.15.15', 443)",,125
1206,"('13.35.15.126', 443)","('172.253.118.157', 443)",1.0,126
1207,"('172.253.118.157', 443)","('142.250.4.95', 443)",1.0,126
1208,"('172.253.118.157', 443)","('74.125.200.95', 443)",1.0,126
1209,"('142.250.4.95', 443)","('74.125.200.95', 443)",1.0,126
1210,"('13.35.15.126', 443)","('142.250.4.95', 443)",0.0,126
1211,"('13.35.15.126', 443)","('74.125.200.95', 443)",0.0,126
1212,"('13.35.15.126', 443)","('172.217.194.95', 443)",,127
1213,"('13.35.15.126', 443)","('74.125.24.95', 443)",,127
1214,"('172.217.194.95', 443)","('74.125.24.95', 443)",,127
1215,"('13.35.15.126', 443)","('13.35.15.15', 443)",1.0,128
1216,"('13.35.15.126', 443)","('74.125.68.188', 5228)",1.0,128
1217,"('13.35.15.126', 443)","('74.125.24.95', 443)",1.0,128
1218,"('13.35.15.15', 443)","('74.125.68.188', 5228)",1.0,128
1219,"('13.35.15.15', 443)","('74.125.24.95', 443)",0.0,128
1220,"('74.125.68.188', 5228)","('74.125.24.95', 443)",0.0,128
1221,"('13.35.15.15', 443)","('172.217.194.157', 443)",,129
1222,"('13.35.15.15', 443)","('74.125.24.95', 443)",,129
1223,"('172.217.194.157', 443)","('74.125.24.95', 443)",,129
1224,"('74.125.24.17', 443)","('157.240.13.14', 443)",,130
1225,"('74.125.24.17', 443)","('172.217.194.95', 443)",,130
1226,"('74.125.24.17', 443)","('69.171.250.15', 443)",,130
1227,"('74.125.24.17', 443)","('13.35.15.48', 443)",,130
1228,"('157.240.13.14', 443)","('172.217.194.95', 443)",,130
1229,"('157.240.13.14', 443)","('69.171.250.15', 443)",,130
1230,"('157.240.13.14', 443)","('13.35.15.48', 443)",,130
1231,"('172.217.194.95', 443)","('69.171.250.15', 443)",,130
1232,"('172.217.194.95', 443)","('13.35.15.48', 443)",,130
1233,"('69.171.250.15', 443)","('13.35.15.48', 443)",,130
1234,"('13.35.15.126', 443)","('13.35.15.15', 443)",1.0,131
1235,"('13.35.15.15', 443)","('74.125.24.188', 5228)",0.5,131
1236,"('13.35.15.126', 443)","('74.125.24.188', 5228)",0.0,131
1237,"('172.217.175.3', 443)","('172.217.194.95', 443)",,132
1238,"('172.217.175.3', 443)","('74.125.130.157', 443)",,132
1239,"('172.217.194.95', 443)","('74.125.130.157', 443)",,132
1240,"('13.226.124.3', 443)","('13.224.155.65', 443)",,133
1241,"('13.226.124.3', 443)","('13.35.15.48', 443)",,133
1242,"('13.224.155.65', 443)","('13.35.15.48', 443)",,133
